Potential,Current,Potential_vs_Fc
0.0,1.523e-07,-0.629
-0.001,3.279e-08,-0.63
-0.002,-2.965e-08,-0.631
-0.003,-6.951e-08,-0.632
-0.004,-1.066e-07,-0.633
-0.005,-1.327e-07,-0.634
-0.006,-1.639e-07,-0.635
-0.007,-1.848e-07,-0.636
-0.008,-2.104e-07,-0.637
-0.009,-2.302e-07,-0.638
-0.01,-2.537e-07,-0.639
-0.011,-2.71e-07,-0.64
-0.012,-2.934e-07,-0.641
-0.013,-3.114e-07,-0.642
-0.014,-3.311e-07,-0.643
-0.015,-3.469e-07,-0.644
-0.016,-3.674e-07,-0.645
-0.017,-3.815e-07,-0.646
-0.018,-3.969e-07,-0.647
-0.019,-4.13e-07,-0.648
-0.02,-4.293e-07,-0.649
-0.021,-4.397e-07,-0.65
-0.022,-4.563e-07,-0.651
-0.023,-4.678e-07,-0.652
-0.024,-4.835e-07,-0.653
-0.025,-4.945e-07,-0.654
-0.026,-5.118e-07,-0.655
-0.027,-5.228e-07,-0.656
-0.028,-5.4e-07,-0.657
-0.029,-5.509e-07,-0.658
-0.03,-5.678e-07,-0.659
-0.031,-5.771e-07,-0.66
-0.032,-5.943e-07,-0.661
-0.033,-6.042e-07,-0.662
-0.034,-6.181e-07,-0.663
-0.035,-6.277e-07,-0.664
-0.036,-6.419e-07,-0.665
-0.037,-6.486e-07,-0.666
-0.038,-6.635e-07,-0.667
-0.039,-6.716e-07,-0.668
-0.04,-6.835e-07,-0.669
-0.041,-6.907e-07,-0.67
-0.042,-7.028e-07,-0.671
-0.043,-7.112e-07,-0.672
-0.044,-7.223e-07,-0.673
-0.045,-7.294e-07,-0.674
-0.046,-7.433e-07,-0.675
-0.047,-7.49e-07,-0.676
-0.048,-7.622e-07,-0.677
-0.049,-7.685e-07,-0.678
-0.05,-7.791e-07,-0.679
-0.051,-7.878e-07,-0.68
-0.052,-8.002e-07,-0.681
-0.053,-8.054e-07,-0.682
-0.054,-8.174e-07,-0.683
-0.055,-8.247e-07,-0.684
-0.056,-8.363e-07,-0.685
-0.057,-8.437e-07,-0.686
-0.058,-8.548e-07,-0.687
-0.059,-8.591e-07,-0.688
-0.06,-8.708e-07,-0.6890000000000001
-0.061,-8.756e-07,-0.69
-0.062,-8.863e-07,-0.6910000000000001
-0.063,-8.93e-07,-0.692
-0.064,-9.031e-07,-0.6930000000000001
-0.065,-9.096e-07,-0.694
-0.066,-9.186e-07,-0.6950000000000001
-0.067,-9.245e-07,-0.696
-0.068,-9.333e-07,-0.6970000000000001
-0.069,-9.38e-07,-0.698
-0.07,-9.493e-07,-0.6990000000000001
-0.071,-9.544e-07,-0.7
-0.072,-9.623e-07,-0.701
-0.073,-9.686e-07,-0.702
-0.074,-9.776e-07,-0.703
-0.075,-9.829e-07,-0.704
-0.076,-9.918e-07,-0.705
-0.077,-9.979e-07,-0.706
-0.078,-1.008e-06,-0.707
-0.079,-1.012e-06,-0.708
-0.08,-1.021e-06,-0.709
-0.081,-1.027e-06,-0.71
-0.082,-1.035e-06,-0.711
-0.083,-1.04e-06,-0.712
-0.084,-1.05e-06,-0.713
-0.085,-1.056e-06,-0.714
-0.086,-1.064e-06,-0.715
-0.087,-1.069e-06,-0.716
-0.088,-1.077e-06,-0.717
-0.089,-1.082e-06,-0.718
-0.09,-1.092e-06,-0.719
-0.091,-1.096e-06,-0.72
-0.092,-1.106e-06,-0.721
-0.093,-1.111e-06,-0.722
-0.094,-1.119e-06,-0.723
-0.095,-1.124e-06,-0.724
-0.096,-1.132e-06,-0.725
-0.097,-1.136e-06,-0.726
-0.098,-1.143e-06,-0.727
-0.099,-1.15e-06,-0.728
-0.1,-1.158e-06,-0.729
-0.101,-1.16e-06,-0.73
-0.102,-1.171e-06,-0.731
-0.103,-1.175e-06,-0.732
-0.104,-1.184e-06,-0.733
-0.105,-1.187e-06,-0.734
-0.106,-1.197e-06,-0.735
-0.107,-1.199e-06,-0.736
-0.108,-1.209e-06,-0.737
-0.109,-1.213e-06,-0.738
-0.11,-1.222e-06,-0.739
-0.111,-1.225e-06,-0.74
-0.112,-1.233e-06,-0.741
-0.113,-1.237e-06,-0.742
-0.114,-1.246e-06,-0.743
-0.115,-1.251e-06,-0.744
-0.116,-1.26e-06,-0.745
-0.117,-1.261e-06,-0.746
-0.118,-1.27e-06,-0.747
-0.119,-1.274e-06,-0.748
-0.12,-1.282e-06,-0.749
-0.121,-1.285e-06,-0.75
-0.122,-1.295e-06,-0.751
-0.123,-1.298e-06,-0.752
-0.124,-1.306e-06,-0.753
-0.125,-1.311e-06,-0.754
-0.126,-1.32e-06,-0.755
-0.127,-1.323e-06,-0.756
-0.128,-1.333e-06,-0.757
-0.129,-1.336e-06,-0.758
-0.13,-1.343e-06,-0.759
-0.131,-1.348e-06,-0.76
-0.132,-1.357e-06,-0.761
-0.133,-1.358e-06,-0.762
-0.134,-1.367e-06,-0.763
-0.135,-1.371e-06,-0.764
-0.136,-1.379e-06,-0.765
-0.137,-1.382e-06,-0.766
-0.138,-1.391e-06,-0.767
-0.139,-1.394e-06,-0.768
-0.14,-1.403e-06,-0.769
-0.141,-1.407e-06,-0.77
-0.142,-1.415e-06,-0.771
-0.143,-1.419e-06,-0.772
-0.144,-1.427e-06,-0.773
-0.145,-1.43e-06,-0.774
-0.146,-1.438e-06,-0.775
-0.147,-1.441e-06,-0.776
-0.148,-1.451e-06,-0.777
-0.149,-1.454e-06,-0.778
-0.15,-1.461e-06,-0.779
-0.151,-1.466e-06,-0.78
-0.152,-1.473e-06,-0.781
-0.153,-1.479e-06,-0.782
-0.154,-1.487e-06,-0.783
-0.155,-1.491e-06,-0.784
-0.156,-1.499e-06,-0.785
-0.157,-1.501e-06,-0.786
-0.158,-1.509e-06,-0.787
-0.159,-1.513e-06,-0.788
-0.16,-1.522e-06,-0.789
-0.161,-1.525e-06,-0.79
-0.162,-1.531e-06,-0.791
-0.163,-1.534e-06,-0.792
-0.164,-1.543e-06,-0.793
-0.165,-1.545e-06,-0.794
-0.166,-1.554e-06,-0.795
-0.167,-1.558e-06,-0.796
-0.168,-1.566e-06,-0.797
-0.169,-1.569e-06,-0.798
-0.17,-1.577e-06,-0.799
-0.171,-1.581e-06,-0.8
-0.172,-1.589e-06,-0.8009999999999999
-0.173,-1.594e-06,-0.802
-0.174,-1.601e-06,-0.8029999999999999
-0.175,-1.605e-06,-0.804
-0.176,-1.614e-06,-0.8049999999999999
-0.177,-1.617e-06,-0.806
-0.178,-1.623e-06,-0.8069999999999999
-0.179,-1.628e-06,-0.808
-0.18,-1.636e-06,-0.8089999999999999
-0.181,-1.639e-06,-0.81
-0.182,-1.647e-06,-0.8109999999999999
-0.183,-1.651e-06,-0.812
-0.184,-1.658e-06,-0.813
-0.185,-1.662e-06,-0.8140000000000001
-0.186,-1.67e-06,-0.815
-0.187,-1.672e-06,-0.8160000000000001
-0.188,-1.682e-06,-0.817
-0.189,-1.683e-06,-0.8180000000000001
-0.19,-1.691e-06,-0.819
-0.191,-1.694e-06,-0.8200000000000001
-0.192,-1.704e-06,-0.821
-0.193,-1.706e-06,-0.8220000000000001
-0.194,-1.714e-06,-0.823
-0.195,-1.716e-06,-0.8240000000000001
-0.196,-1.725e-06,-0.825
-0.197,-1.727e-06,-0.8260000000000001
-0.198,-1.736e-06,-0.827
-0.199,-1.739e-06,-0.8280000000000001
-0.2,-1.747e-06,-0.829
-0.201,-1.75e-06,-0.8300000000000001
-0.202,-1.758e-06,-0.831
-0.203,-1.759e-06,-0.8320000000000001
-0.204,-1.768e-06,-0.833
-0.205,-1.775e-06,-0.834
-0.206,-1.782e-06,-0.835
-0.207,-1.784e-06,-0.836
-0.208,-1.792e-06,-0.837
-0.209,-1.795e-06,-0.838
-0.21,-1.801e-06,-0.839
-0.211,-1.806e-06,-0.84
-0.212,-1.814e-06,-0.841
-0.213,-1.816e-06,-0.842
-0.214,-1.824e-06,-0.843
-0.215,-1.828e-06,-0.844
-0.216,-1.834e-06,-0.845
-0.217,-1.839e-06,-0.846
-0.218,-1.847e-06,-0.847
-0.219,-1.85e-06,-0.848
-0.22,-1.858e-06,-0.849
-0.221,-1.86e-06,-0.85
-0.222,-1.869e-06,-0.851
-0.223,-1.87e-06,-0.852
-0.224,-1.88e-06,-0.853
-0.225,-1.883e-06,-0.854
-0.226,-1.89e-06,-0.855
-0.227,-1.894e-06,-0.856
-0.228,-1.901e-06,-0.857
-0.229,-1.904e-06,-0.858
-0.23,-1.914e-06,-0.859
-0.231,-1.917e-06,-0.86
-0.232,-1.924e-06,-0.861
-0.233,-1.926e-06,-0.862
-0.234,-1.935e-06,-0.863
-0.235,-1.937e-06,-0.864
-0.236,-1.945e-06,-0.865
-0.237,-1.949e-06,-0.866
-0.238,-1.957e-06,-0.867
-0.239,-1.959e-06,-0.868
-0.24,-1.967e-06,-0.869
-0.241,-1.969e-06,-0.87
-0.242,-1.976e-06,-0.871
-0.243,-1.981e-06,-0.872
-0.244,-1.99e-06,-0.873
-0.245,-1.992e-06,-0.874
-0.246,-2.002e-06,-0.875
-0.247,-2.004e-06,-0.876
-0.248,-2.011e-06,-0.877
-0.249,-2.016e-06,-0.878
-0.25,-2.024e-06,-0.879
-0.251,-2.027e-06,-0.88
-0.252,-2.035e-06,-0.881
-0.253,-2.038e-06,-0.882
-0.254,-2.048e-06,-0.883
-0.255,-2.05e-06,-0.884
-0.256,-2.059e-06,-0.885
-0.257,-2.063e-06,-0.886
-0.258,-2.071e-06,-0.887
-0.259,-2.075e-06,-0.888
-0.26,-2.083e-06,-0.889
-0.261,-2.085e-06,-0.89
-0.262,-2.094e-06,-0.891
-0.263,-2.097e-06,-0.892
-0.264,-2.105e-06,-0.893
-0.265,-2.109e-06,-0.894
-0.266,-2.116e-06,-0.895
-0.267,-2.12e-06,-0.896
-0.268,-2.129e-06,-0.897
-0.269,-2.133e-06,-0.898
-0.27,-2.141e-06,-0.899
-0.271,-2.145e-06,-0.9
-0.272,-2.153e-06,-0.901
-0.273,-2.157e-06,-0.902
-0.274,-2.163e-06,-0.903
-0.275,-2.168e-06,-0.904
-0.276,-2.177e-06,-0.905
-0.277,-2.18e-06,-0.906
-0.278,-2.188e-06,-0.907
-0.279,-2.193e-06,-0.908
-0.28,-2.201e-06,-0.909
-0.281,-2.205e-06,-0.91
-0.282,-2.215e-06,-0.911
-0.283,-2.218e-06,-0.9119999999999999
-0.284,-2.228e-06,-0.913
-0.285,-2.23e-06,-0.9139999999999999
-0.286,-2.24e-06,-0.915
-0.287,-2.244e-06,-0.9159999999999999
-0.288,-2.254e-06,-0.917
-0.289,-2.258e-06,-0.9179999999999999
-0.29,-2.266e-06,-0.919
-0.291,-2.271e-06,-0.9199999999999999
-0.292,-2.281e-06,-0.921
-0.293,-2.282e-06,-0.9219999999999999
-0.294,-2.293e-06,-0.923
-0.295,-2.297e-06,-0.9239999999999999
-0.296,-2.306e-06,-0.925
-0.297,-2.311e-06,-0.9259999999999999
-0.298,-2.32e-06,-0.927
-0.299,-2.324e-06,-0.9279999999999999
-0.3,-2.334e-06,-0.929
-0.301,-2.338e-06,-0.9299999999999999
-0.302,-2.347e-06,-0.931
-0.303,-2.351e-06,-0.9319999999999999
-0.304,-2.359e-06,-0.933
-0.305,-2.364e-06,-0.9339999999999999
-0.306,-2.373e-06,-0.935
-0.307,-2.378e-06,-0.9359999999999999
-0.308,-2.387e-06,-0.937
-0.309,-2.391e-06,-0.938
-0.31,-2.4e-06,-0.9390000000000001
-0.311,-2.403e-06,-0.94
-0.312,-2.413e-06,-0.9410000000000001
-0.313,-2.417e-06,-0.942
-0.314,-2.426e-06,-0.9430000000000001
-0.315,-2.43e-06,-0.944
-0.316,-2.44e-06,-0.9450000000000001
-0.317,-2.444e-06,-0.946
-0.318,-2.454e-06,-0.9470000000000001
-0.319,-2.458e-06,-0.948
-0.32,-2.468e-06,-0.9490000000000001
-0.321,-2.475e-06,-0.95
-0.322,-2.484e-06,-0.9510000000000001
-0.323,-2.488e-06,-0.952
-0.324,-2.5e-06,-0.9530000000000001
-0.325,-2.503e-06,-0.954
-0.326,-2.514e-06,-0.9550000000000001
-0.327,-2.52e-06,-0.956
-0.328,-2.529e-06,-0.9570000000000001
-0.329,-2.535e-06,-0.958
-0.33,-2.544e-06,-0.9590000000000001
-0.331,-2.549e-06,-0.96
-0.332,-2.56e-06,-0.9610000000000001
-0.333,-2.566e-06,-0.962
-0.334,-2.577e-06,-0.9630000000000001
-0.335,-2.581e-06,-0.964
-0.336,-2.592e-06,-0.9650000000000001
-0.337,-2.598e-06,-0.966
-0.338,-2.607e-06,-0.9670000000000001
-0.339,-2.614e-06,-0.968
-0.34,-2.624e-06,-0.9690000000000001
-0.341,-2.628e-06,-0.97
-0.342,-2.64e-06,-0.9710000000000001
-0.343,-2.646e-06,-0.972
-0.344,-2.655e-06,-0.973
-0.345,-2.663e-06,-0.974
-0.346,-2.673e-06,-0.975
-0.347,-2.681e-06,-0.976
-0.348,-2.693e-06,-0.977
-0.349,-2.698e-06,-0.978
-0.35,-2.709e-06,-0.979
-0.351,-2.715e-06,-0.98
-0.352,-2.727e-06,-0.981
-0.353,-2.733e-06,-0.982
-0.354,-2.746e-06,-0.983
-0.355,-2.753e-06,-0.984
-0.356,-2.764e-06,-0.985
-0.357,-2.771e-06,-0.986
-0.358,-2.784e-06,-0.987
-0.359,-2.792e-06,-0.988
-0.36,-2.803e-06,-0.989
-0.361,-2.811e-06,-0.99
-0.362,-2.823e-06,-0.991
-0.363,-2.83e-06,-0.992
-0.364,-2.844e-06,-0.993
-0.365,-2.849e-06,-0.994
-0.366,-2.862e-06,-0.995
-0.367,-2.869e-06,-0.996
-0.368,-2.882e-06,-0.997
-0.369,-2.889e-06,-0.998
-0.37,-2.9e-06,-0.999
-0.371,-2.909e-06,-1.0
-0.372,-2.922e-06,-1.001
-0.373,-2.928e-06,-1.002
-0.374,-2.942e-06,-1.0030000000000001
-0.375,-2.95e-06,-1.004
-0.376,-2.963e-06,-1.005
-0.377,-2.972e-06,-1.006
-0.378,-2.987e-06,-1.0070000000000001
-0.379,-2.994e-06,-1.008
-0.38,-3.009e-06,-1.009
-0.381,-3.017e-06,-1.01
-0.382,-3.03e-06,-1.0110000000000001
-0.383,-3.038e-06,-1.012
-0.384,-3.053e-06,-1.013
-0.385,-3.063e-06,-1.014
-0.386,-3.075e-06,-1.0150000000000001
-0.387,-3.086e-06,-1.016
-0.388,-3.099e-06,-1.017
-0.389,-3.107e-06,-1.018
-0.39,-3.123e-06,-1.0190000000000001
-0.391,-3.132e-06,-1.02
-0.392,-3.146e-06,-1.021
-0.393,-3.157e-06,-1.022
-0.394,-3.169e-06,-1.0230000000000001
-0.395,-3.18e-06,-1.024
-0.396,-3.195e-06,-1.025
-0.397,-3.205e-06,-1.026
-0.398,-3.219e-06,-1.0270000000000001
-0.399,-3.23e-06,-1.028
-0.4,-3.246e-06,-1.029
-0.401,-3.257e-06,-1.03
-0.402,-3.271e-06,-1.0310000000000001
-0.403,-3.283e-06,-1.032
-0.404,-3.299e-06,-1.033
-0.405,-3.309e-06,-1.034
-0.406,-3.326e-06,-1.0350000000000001
-0.407,-3.336e-06,-1.036
-0.408,-3.352e-06,-1.037
-0.409,-3.364e-06,-1.038
-0.41,-3.384e-06,-1.039
-0.411,-3.394e-06,-1.04
-0.412,-3.41e-06,-1.041
-0.413,-3.421e-06,-1.042
-0.414,-3.438e-06,-1.043
-0.415,-3.45e-06,-1.044
-0.416,-3.469e-06,-1.045
-0.417,-3.48e-06,-1.046
-0.418,-3.496e-06,-1.047
-0.419,-3.508e-06,-1.048
-0.42,-3.526e-06,-1.049
-0.421,-3.54e-06,-1.05
-0.422,-3.559e-06,-1.051
-0.423,-3.572e-06,-1.052
-0.424,-3.589e-06,-1.053
-0.425,-3.603e-06,-1.054
-0.426,-3.62e-06,-1.055
-0.427,-3.633e-06,-1.056
-0.428,-3.651e-06,-1.057
-0.429,-3.665e-06,-1.058
-0.43,-3.684e-06,-1.059
-0.431,-3.697e-06,-1.06
-0.432,-3.716e-06,-1.061
-0.433,-3.731e-06,-1.062
-0.434,-3.747e-06,-1.063
-0.435,-3.764e-06,-1.064
-0.436,-3.783e-06,-1.065
-0.437,-3.797e-06,-1.066
-0.438,-3.818e-06,-1.067
-0.439,-3.833e-06,-1.068
-0.44,-3.854e-06,-1.069
-0.441,-3.871e-06,-1.07
-0.442,-3.89e-06,-1.071
-0.443,-3.904e-06,-1.072
-0.444,-3.925e-06,-1.073
-0.445,-3.94e-06,-1.074
-0.446,-3.963e-06,-1.075
-0.447,-3.978e-06,-1.076
-0.448,-4e-06,-1.077
-0.449,-4.018e-06,-1.078
-0.45,-4.039e-06,-1.079
-0.451,-4.056e-06,-1.08
-0.452,-4.077e-06,-1.081
-0.453,-4.094e-06,-1.082
-0.454,-4.117e-06,-1.083
-0.455,-4.134e-06,-1.084
-0.456,-4.157e-06,-1.085
-0.457,-4.176e-06,-1.086
-0.458,-4.199e-06,-1.087
-0.459,-4.217e-06,-1.088
-0.46,-4.242e-06,-1.089
-0.461,-4.262e-06,-1.09
-0.462,-4.285e-06,-1.091
-0.463,-4.303e-06,-1.092
-0.464,-4.327e-06,-1.093
-0.465,-4.346e-06,-1.094
-0.466,-4.369e-06,-1.095
-0.467,-4.389e-06,-1.096
-0.468,-4.416e-06,-1.097
-0.469,-4.434e-06,-1.0979999999999999
-0.47,-4.46e-06,-1.099
-0.471,-4.48e-06,-1.1
-0.472,-4.504e-06,-1.101
-0.473,-4.523e-06,-1.1019999999999999
-0.474,-4.549e-06,-1.103
-0.475,-4.569e-06,-1.104
-0.476,-4.595e-06,-1.105
-0.477,-4.615e-06,-1.1059999999999999
-0.478,-4.642e-06,-1.107
-0.479,-4.664e-06,-1.108
-0.48,-4.692e-06,-1.109
-0.481,-4.715e-06,-1.1099999999999999
-0.482,-4.742e-06,-1.111
-0.483,-4.766e-06,-1.112
-0.484,-4.794e-06,-1.113
-0.485,-4.816e-06,-1.1139999999999999
-0.486,-4.845e-06,-1.115
-0.487,-4.868e-06,-1.116
-0.488,-4.895e-06,-1.117
-0.489,-4.92e-06,-1.1179999999999999
-0.49,-4.95e-06,-1.119
-0.491,-4.973e-06,-1.12
-0.492,-5.003e-06,-1.121
-0.493,-5.027e-06,-1.1219999999999999
-0.494,-5.057e-06,-1.123
-0.495,-5.079e-06,-1.124
-0.496,-5.107e-06,-1.125
-0.497,-5.131e-06,-1.126
-0.498,-5.16e-06,-1.127
-0.499,-5.187e-06,-1.1280000000000001
-0.5,-5.217e-06,-1.129
-0.501,-5.242e-06,-1.13
-0.502,-5.271e-06,-1.131
-0.503,-5.298e-06,-1.1320000000000001
-0.504,-5.327e-06,-1.133
-0.505,-5.353e-06,-1.134
-0.506,-5.386e-06,-1.135
-0.507,-5.411e-06,-1.1360000000000001
-0.508,-5.443e-06,-1.137
-0.509,-5.468e-06,-1.138
-0.51,-5.501e-06,-1.139
-0.511,-5.528e-06,-1.1400000000000001
-0.512,-5.561e-06,-1.141
-0.513,-5.587e-06,-1.142
-0.514,-5.619e-06,-1.143
-0.515,-5.645e-06,-1.1440000000000001
-0.516,-5.677e-06,-1.145
-0.517,-5.701e-06,-1.146
-0.518,-5.736e-06,-1.147
-0.519,-5.763e-06,-1.1480000000000001
-0.52,-5.795e-06,-1.149
-0.521,-5.823e-06,-1.15
-0.522,-5.854e-06,-1.151
-0.523,-5.882e-06,-1.1520000000000001
-0.524,-5.915e-06,-1.153
-0.525,-5.942e-06,-1.154
-0.526,-5.975e-06,-1.155
-0.527,-6.002e-06,-1.1560000000000001
-0.528,-6.036e-06,-1.157
-0.529,-6.063e-06,-1.158
-0.53,-6.094e-06,-1.159
-0.531,-6.123e-06,-1.1600000000000001
-0.532,-6.158e-06,-1.161
-0.533,-6.184e-06,-1.162
-0.534,-6.217e-06,-1.163
-0.535,-6.243e-06,-1.1640000000000001
-0.536,-6.274e-06,-1.165
-0.537,-6.301e-06,-1.166
-0.538,-6.334e-06,-1.167
-0.539,-6.362e-06,-1.1680000000000001
-0.54,-6.394e-06,-1.169
-0.541,-6.42e-06,-1.17
-0.542,-6.453e-06,-1.171
-0.543,-6.478e-06,-1.1720000000000002
-0.544,-6.508e-06,-1.173
-0.545,-6.535e-06,-1.174
-0.546,-6.566e-06,-1.175
-0.547,-6.592e-06,-1.1760000000000002
-0.548,-6.624e-06,-1.177
-0.549,-6.649e-06,-1.178
-0.55,-6.682e-06,-1.179
-0.551,-6.709e-06,-1.1800000000000002
-0.552,-6.74e-06,-1.181
-0.553,-6.766e-06,-1.182
-0.554,-6.797e-06,-1.183
-0.555,-6.821e-06,-1.1840000000000002
-0.556,-6.853e-06,-1.185
-0.557,-6.878e-06,-1.186
-0.558,-6.91e-06,-1.187
-0.559,-6.934e-06,-1.1880000000000002
-0.56,-6.964e-06,-1.189
-0.561,-6.988e-06,-1.19
-0.562,-7.016e-06,-1.191
-0.563,-7.041e-06,-1.192
-0.564,-7.072e-06,-1.193
-0.565,-7.094e-06,-1.194
-0.566,-7.122e-06,-1.1949999999999998
-0.567,-7.146e-06,-1.196
-0.568,-7.174e-06,-1.197
-0.569,-7.197e-06,-1.198
-0.57,-7.224e-06,-1.1989999999999998
-0.571,-7.248e-06,-1.2
-0.572,-7.275e-06,-1.201
-0.573,-7.296e-06,-1.202
-0.574,-7.322e-06,-1.2029999999999998
-0.575,-7.34e-06,-1.204
-0.576,-7.368e-06,-1.205
-0.577,-7.39e-06,-1.206
-0.578,-7.415e-06,-1.2069999999999999
-0.579,-7.435e-06,-1.208
-0.58,-7.461e-06,-1.209
-0.581,-7.479e-06,-1.21
-0.582,-7.504e-06,-1.2109999999999999
-0.583,-7.523e-06,-1.212
-0.584,-7.547e-06,-1.213
-0.585,-7.565e-06,-1.214
-0.586,-7.586e-06,-1.2149999999999999
-0.587,-7.603e-06,-1.216
-0.588,-7.623e-06,-1.217
-0.589,-7.64e-06,-1.218
-0.59,-7.661e-06,-1.2189999999999999
-0.591,-7.678e-06,-1.22
-0.592,-7.7e-06,-1.221
-0.593,-7.715e-06,-1.222
-0.594,-7.734e-06,-1.2229999999999999
-0.595,-7.75e-06,-1.224
-0.596,-7.771e-06,-1.225
-0.597,-7.785e-06,-1.226
-0.598,-7.802e-06,-1.2269999999999999
-0.599,-7.814e-06,-1.228
-0.6,-7.834e-06,-1.229
-0.601,-7.846e-06,-1.23
-0.602,-7.863e-06,-1.2309999999999999
-0.603,-7.874e-06,-1.232
-0.604,-7.892e-06,-1.233
-0.605,-7.902e-06,-1.234
-0.606,-7.918e-06,-1.2349999999999999
-0.607,-7.927e-06,-1.236
-0.608,-7.945e-06,-1.237
-0.609,-7.954e-06,-1.238
-0.61,-7.968e-06,-1.2389999999999999
-0.611,-7.977e-06,-1.24
-0.612,-7.991e-06,-1.241
-0.613,-7.999e-06,-1.242
-0.614,-8.015e-06,-1.2429999999999999
-0.615,-8.024e-06,-1.244
-0.616,-8.034e-06,-1.245
-0.617,-8.041e-06,-1.246
-0.618,-8.053e-06,-1.2469999999999999
-0.619,-8.058e-06,-1.248
-0.62,-8.072e-06,-1.249
-0.621,-8.077e-06,-1.25
-0.622,-8.087e-06,-1.251
-0.623,-8.091e-06,-1.252
-0.624,-8.101e-06,-1.2530000000000001
-0.625,-8.107e-06,-1.254
-0.626,-8.115e-06,-1.255
-0.627,-8.12e-06,-1.256
-0.628,-8.129e-06,-1.2570000000000001
-0.629,-8.133e-06,-1.258
-0.63,-8.141e-06,-1.259
-0.631,-8.144e-06,-1.26
-0.632,-8.15e-06,-1.2610000000000001
-0.633,-8.154e-06,-1.262
-0.634,-8.161e-06,-1.263
-0.635,-8.162e-06,-1.264
-0.636,-8.169e-06,-1.2650000000000001
-0.637,-8.172e-06,-1.266
-0.638,-8.178e-06,-1.267
-0.639,-8.178e-06,-1.268
-0.64,-8.185e-06,-1.2690000000000001
-0.641,-8.185e-06,-1.27
-0.642,-8.19e-06,-1.271
-0.643,-8.191e-06,-1.272
-0.644,-8.195e-06,-1.2730000000000001
-0.645,-8.195e-06,-1.274
-0.646,-8.2e-06,-1.275
-0.647,-8.199e-06,-1.276
-0.648,-8.203e-06,-1.2770000000000001
-0.649,-8.201e-06,-1.278
-0.65,-8.204e-06,-1.279
-0.651,-8.204e-06,-1.28
-0.652,-8.208e-06,-1.2810000000000001
-0.653,-8.207e-06,-1.282
-0.654,-8.211e-06,-1.283
-0.655,-8.207e-06,-1.284
-0.656,-8.212e-06,-1.2850000000000001
-0.657,-8.208e-06,-1.286
-0.658,-8.211e-06,-1.287
-0.659,-8.209e-06,-1.288
-0.66,-8.212e-06,-1.2890000000000001
-0.661,-8.208e-06,-1.29
-0.662,-8.21e-06,-1.291
-0.663,-8.209e-06,-1.292
-0.664,-8.21e-06,-1.2930000000000001
-0.665,-8.208e-06,-1.294
-0.666,-8.211e-06,-1.295
-0.667,-8.207e-06,-1.296
-0.668,-8.21e-06,-1.2970000000000002
-0.669,-8.205e-06,-1.298
-0.67,-8.207e-06,-1.299
-0.671,-8.204e-06,-1.3
-0.672,-8.208e-06,-1.3010000000000002
-0.673,-8.203e-06,-1.302
-0.674,-8.202e-06,-1.303
-0.675,-8.199e-06,-1.304
-0.676,-8.201e-06,-1.3050000000000002
-0.677,-8.197e-06,-1.306
-0.678,-8.199e-06,-1.307
-0.679,-8.194e-06,-1.308
-0.68,-8.196e-06,-1.3090000000000002
-0.681,-8.191e-06,-1.31
-0.682,-8.192e-06,-1.311
-0.683,-8.189e-06,-1.312
-0.684,-8.19e-06,-1.3130000000000002
-0.685,-8.186e-06,-1.314
-0.686,-8.187e-06,-1.315
-0.687,-8.182e-06,-1.316
-0.688,-8.182e-06,-1.317
-0.689,-8.18e-06,-1.318
-0.69,-8.18e-06,-1.319
-0.691,-8.178e-06,-1.3199999999999998
-0.692,-8.178e-06,-1.321
-0.693,-8.172e-06,-1.322
-0.694,-8.174e-06,-1.323
-0.695,-8.17e-06,-1.3239999999999998
-0.696,-8.172e-06,-1.325
-0.697,-8.168e-06,-1.326
-0.698,-8.169e-06,-1.327
-0.699,-8.165e-06,-1.3279999999999998
-0.7,-8.166e-06,-1.329
-0.701,-8.161e-06,-1.33
-0.702,-8.16e-06,-1.331
-0.703,-8.157e-06,-1.3319999999999999
-0.704,-8.159e-06,-1.333
-0.705,-8.156e-06,-1.334
-0.706,-8.156e-06,-1.335
-0.707,-8.153e-06,-1.3359999999999999
-0.708,-8.154e-06,-1.337
-0.709,-8.15e-06,-1.338
-0.71,-8.152e-06,-1.339
-0.711,-8.149e-06,-1.3399999999999999
-0.712,-8.15e-06,-1.341
-0.713,-8.145e-06,-1.342
-0.714,-8.148e-06,-1.343
-0.715,-8.143e-06,-1.3439999999999999
-0.716,-8.145e-06,-1.345
-0.717,-8.143e-06,-1.346
-0.718,-8.144e-06,-1.347
-0.719,-8.141e-06,-1.3479999999999999
-0.72,-8.141e-06,-1.349
-0.721,-8.14e-06,-1.35
-0.722,-8.14e-06,-1.351
-0.723,-8.137e-06,-1.3519999999999999
-0.724,-8.141e-06,-1.353
-0.725,-8.137e-06,-1.354
-0.726,-8.139e-06,-1.355
-0.727,-8.136e-06,-1.3559999999999999
-0.728,-8.139e-06,-1.357
-0.729,-8.136e-06,-1.358
-0.73,-8.139e-06,-1.359
-0.731,-8.137e-06,-1.3599999999999999
-0.732,-8.139e-06,-1.361
-0.733,-8.136e-06,-1.362
-0.734,-8.139e-06,-1.363
-0.735,-8.136e-06,-1.3639999999999999
-0.736,-8.14e-06,-1.365
-0.737,-8.136e-06,-1.366
-0.738,-8.14e-06,-1.367
-0.739,-8.138e-06,-1.3679999999999999
-0.74,-8.141e-06,-1.369
-0.741,-8.137e-06,-1.37
-0.742,-8.142e-06,-1.371
-0.743,-8.142e-06,-1.3719999999999999
-0.744,-8.144e-06,-1.373
-0.745,-8.144e-06,-1.374
-0.746,-8.146e-06,-1.375
-0.747,-8.145e-06,-1.376
-0.748,-8.149e-06,-1.377
-0.749,-8.148e-06,-1.3780000000000001
-0.75,-8.152e-06,-1.379
-0.751,-8.149e-06,-1.38
-0.752,-8.153e-06,-1.381
-0.753,-8.151e-06,-1.3820000000000001
-0.754,-8.154e-06,-1.383
-0.755,-8.156e-06,-1.384
-0.756,-8.161e-06,-1.385
-0.757,-8.159e-06,-1.3860000000000001
-0.758,-8.163e-06,-1.387
-0.759,-8.162e-06,-1.388
-0.76,-8.167e-06,-1.389
-0.761,-8.167e-06,-1.3900000000000001
-0.762,-8.172e-06,-1.391
-0.763,-8.171e-06,-1.392
-0.764,-8.175e-06,-1.393
-0.765,-8.174e-06,-1.3940000000000001
-0.766,-8.18e-06,-1.395
-0.767,-8.179e-06,-1.396
-0.768,-8.186e-06,-1.397
-0.769,-8.185e-06,-1.3980000000000001
-0.77,-8.19e-06,-1.399
-0.771,-8.19e-06,-1.4
-0.772,-8.196e-06,-1.401
-0.773,-8.195e-06,-1.4020000000000001
-0.774,-8.201e-06,-1.403
-0.775,-8.202e-06,-1.404
-0.776,-8.207e-06,-1.405
-0.777,-8.207e-06,-1.4060000000000001
-0.778,-8.212e-06,-1.407
-0.779,-8.213e-06,-1.408
-0.78,-8.219e-06,-1.409
-0.781,-8.221e-06,-1.4100000000000001
-0.782,-8.227e-06,-1.411
-0.783,-8.227e-06,-1.412
-0.784,-8.232e-06,-1.413
-0.785,-8.234e-06,-1.4140000000000001
-0.786,-8.239e-06,-1.415
-0.787,-8.241e-06,-1.416
-0.788,-8.247e-06,-1.417
-0.789,-8.247e-06,-1.4180000000000001
-0.79,-8.253e-06,-1.419
-0.791,-8.254e-06,-1.42
-0.792,-8.261e-06,-1.421
-0.793,-8.261e-06,-1.4220000000000002
-0.794,-8.27e-06,-1.423
-0.795,-8.269e-06,-1.424
-0.796,-8.276e-06,-1.425
-0.797,-8.278e-06,-1.4260000000000002
-0.798,-8.285e-06,-1.427
-0.799,-8.286e-06,-1.428
-0.8,-8.293e-06,-1.429
-0.801,-8.295e-06,-1.4300000000000002
-0.802,-8.302e-06,-1.431
-0.803,-8.302e-06,-1.432
-0.804,-8.309e-06,-1.433
-0.805,-8.31e-06,-1.4340000000000002
-0.806,-8.317e-06,-1.435
-0.807,-8.319e-06,-1.436
-0.808,-8.326e-06,-1.437
-0.809,-8.327e-06,-1.4380000000000002
-0.81,-8.335e-06,-1.439
-0.811,-8.336e-06,-1.44
-0.812,-8.344e-06,-1.441
-0.813,-8.345e-06,-1.442
-0.814,-8.354e-06,-1.443
-0.815,-8.355e-06,-1.444
-0.816,-8.365e-06,-1.4449999999999998
-0.817,-8.364e-06,-1.446
-0.818,-8.372e-06,-1.447
-0.819,-8.378e-06,-1.448
-0.82,-8.387e-06,-1.4489999999999998
-0.821,-8.389e-06,-1.45
-0.822,-8.396e-06,-1.451
-0.823,-8.399e-06,-1.452
-0.824,-8.407e-06,-1.4529999999999998
-0.825,-8.411e-06,-1.454
-0.826,-8.42e-06,-1.455
-0.827,-8.423e-06,-1.456
-0.828,-8.43e-06,-1.4569999999999999
-0.829,-8.432e-06,-1.458
-0.83,-8.442e-06,-1.459
-0.831,-8.444e-06,-1.46
-0.832,-8.454e-06,-1.4609999999999999
-0.833,-8.456e-06,-1.462
-0.834,-8.464e-06,-1.463
-0.835,-8.466e-06,-1.464
-0.836,-8.475e-06,-1.4649999999999999
-0.837,-8.477e-06,-1.466
-0.838,-8.486e-06,-1.467
-0.839,-8.49e-06,-1.468
-0.84,-8.498e-06,-1.4689999999999999
-0.841,-8.501e-06,-1.47
-0.842,-8.509e-06,-1.471
-0.843,-8.513e-06,-1.472
-0.844,-8.522e-06,-1.4729999999999999
-0.845,-8.525e-06,-1.474
-0.846,-8.535e-06,-1.475
-0.847,-8.537e-06,-1.476
-0.848,-8.546e-06,-1.4769999999999999
-0.849,-8.548e-06,-1.478
-0.85,-8.557e-06,-1.479
-0.851,-8.559e-06,-1.48
-0.852,-8.57e-06,-1.4809999999999999
-0.853,-8.572e-06,-1.482
-0.854,-8.581e-06,-1.483
-0.855,-8.585e-06,-1.484
-0.856,-8.592e-06,-1.4849999999999999
-0.857,-8.596e-06,-1.486
-0.858,-8.607e-06,-1.487
-0.859,-8.611e-06,-1.488
-0.86,-8.619e-06,-1.4889999999999999
-0.861,-8.622e-06,-1.49
-0.862,-8.634e-06,-1.491
-0.863,-8.635e-06,-1.492
-0.864,-8.645e-06,-1.4929999999999999
-0.865,-8.648e-06,-1.494
-0.866,-8.658e-06,-1.495
-0.867,-8.661e-06,-1.496
-0.868,-8.671e-06,-1.4969999999999999
-0.869,-8.672e-06,-1.498
-0.87,-8.685e-06,-1.499
-0.871,-8.689e-06,-1.5
-0.872,-8.699e-06,-1.501
-0.873,-8.702e-06,-1.502
-0.874,-8.711e-06,-1.5030000000000001
-0.875,-8.715e-06,-1.504
-0.876,-8.725e-06,-1.505
-0.877,-8.731e-06,-1.506
-0.878,-8.74e-06,-1.5070000000000001
-0.879,-8.744e-06,-1.508
-0.88,-8.754e-06,-1.509
-0.881,-8.759e-06,-1.51
-0.882,-8.769e-06,-1.5110000000000001
-0.883,-8.775e-06,-1.512
-0.884,-8.786e-06,-1.513
-0.885,-8.79e-06,-1.514
-0.886,-8.8e-06,-1.5150000000000001
-0.887,-8.806e-06,-1.516
-0.888,-8.815e-06,-1.517
-0.889,-8.82e-06,-1.518
-0.89,-8.831e-06,-1.5190000000000001
-0.891,-8.837e-06,-1.52
-0.892,-8.849e-06,-1.521
-0.893,-8.852e-06,-1.522
-0.894,-8.864e-06,-1.5230000000000001
-0.895,-8.87e-06,-1.524
-0.896,-8.882e-06,-1.525
-0.897,-8.888e-06,-1.526
-0.898,-8.9e-06,-1.5270000000000001
-0.899,-8.907e-06,-1.528
-0.9,-8.921e-06,-1.529
-0.901,-8.924e-06,-1.53
-0.902,-8.938e-06,-1.5310000000000001
-0.903,-8.943e-06,-1.532
-0.904,-8.956e-06,-1.533
-0.905,-8.962e-06,-1.534
-0.906,-8.973e-06,-1.5350000000000001
-0.907,-8.979e-06,-1.536
-0.908,-8.994e-06,-1.537
-0.909,-9.002e-06,-1.538
-0.91,-9.015e-06,-1.5390000000000001
-0.911,-9.023e-06,-1.54
-0.912,-9.039e-06,-1.541
-0.913,-9.047e-06,-1.542
-0.914,-9.061e-06,-1.5430000000000001
-0.915,-9.072e-06,-1.544
-0.916,-9.088e-06,-1.545
-0.917,-9.097e-06,-1.546
-0.918,-9.114e-06,-1.5470000000000002
-0.919,-9.123e-06,-1.548
-0.92,-9.139e-06,-1.549
-0.921,-9.15e-06,-1.55
-0.922,-9.168e-06,-1.5510000000000002
-0.923,-9.178e-06,-1.552
-0.924,-9.198e-06,-1.553
-0.925,-9.209e-06,-1.554
-0.926,-9.229e-06,-1.5550000000000002
-0.927,-9.239e-06,-1.556
-0.928,-9.26e-06,-1.557
-0.929,-9.272e-06,-1.558
-0.93,-9.293e-06,-1.5590000000000002
-0.931,-9.305e-06,-1.56
-0.932,-9.328e-06,-1.561
-0.933,-9.34e-06,-1.562
-0.934,-9.365e-06,-1.5630000000000002
-0.935,-9.381e-06,-1.564
-0.936,-9.405e-06,-1.565
-0.937,-9.422e-06,-1.566
-0.938,-9.448e-06,-1.567
-0.939,-9.466e-06,-1.568
-0.94,-9.493e-06,-1.569
-0.941,-9.513e-06,-1.5699999999999998
-0.942,-9.539e-06,-1.571
-0.943,-9.558e-06,-1.572
-0.944,-9.588e-06,-1.573
-0.945,-9.608e-06,-1.5739999999999998
-0.946,-9.639e-06,-1.575
-0.947,-9.664e-06,-1.576
-0.948,-9.698e-06,-1.577
-0.949,-9.719e-06,-1.5779999999999998
-0.95,-9.755e-06,-1.579
-0.951,-9.78e-06,-1.58
-0.952,-9.816e-06,-1.581
-0.953,-9.845e-06,-1.5819999999999999
-0.954,-9.883e-06,-1.583
-0.955,-9.914e-06,-1.584
-0.956,-9.954e-06,-1.585
-0.957,-9.987e-06,-1.5859999999999999
-0.958,-1.003e-05,-1.587
-0.959,-1.006e-05,-1.588
-0.96,-1.011e-05,-1.589
-0.961,-1.015e-05,-1.5899999999999999
-0.962,-1.02e-05,-1.591
-0.963,-1.024e-05,-1.592
-0.964,-1.029e-05,-1.593
-0.965,-1.033e-05,-1.5939999999999999
-0.966,-1.039e-05,-1.595
-0.967,-1.043e-05,-1.596
-0.968,-1.049e-05,-1.597
-0.969,-1.054e-05,-1.5979999999999999
-0.97,-1.061e-05,-1.599
-0.971,-1.066e-05,-1.6
-0.972,-1.073e-05,-1.601
-0.973,-1.079e-05,-1.6019999999999999
-0.974,-1.086e-05,-1.603
-0.975,-1.092e-05,-1.604
-0.976,-1.1e-05,-1.605
-0.977,-1.107e-05,-1.6059999999999999
-0.978,-1.115e-05,-1.607
-0.979,-1.122e-05,-1.608
-0.98,-1.131e-05,-1.609
-0.981,-1.139e-05,-1.6099999999999999
-0.982,-1.148e-05,-1.611
-0.983,-1.156e-05,-1.612
-0.984,-1.167e-05,-1.613
-0.985,-1.175e-05,-1.6139999999999999
-0.986,-1.186e-05,-1.615
-0.987,-1.195e-05,-1.616
-0.988,-1.207e-05,-1.617
-0.989,-1.217e-05,-1.6179999999999999
-0.99,-1.228e-05,-1.619
-0.991,-1.238e-05,-1.62
-0.992,-1.251e-05,-1.621
-0.993,-1.262e-05,-1.6219999999999999
-0.994,-1.276e-05,-1.623
-0.995,-1.288e-05,-1.624
-0.996,-1.303e-05,-1.625
-0.997,-1.315e-05,-1.626
-0.998,-1.331e-05,-1.627
-0.999,-1.345e-05,-1.6280000000000001
-1.0,-1.362e-05,-1.629
-1.001,-1.376e-05,-1.63
-1.002,-1.394e-05,-1.631
-1.003,-1.41e-05,-1.632
-1.004,-1.428e-05,-1.633
-1.005,-1.445e-05,-1.634
-1.006,-1.465e-05,-1.635
-1.007,-1.482e-05,-1.636
-1.008,-1.503e-05,-1.637
-1.009,-1.522e-05,-1.638
-1.01,-1.544e-05,-1.639
-1.011,-1.564e-05,-1.64
-1.012,-1.588e-05,-1.641
-1.013,-1.609e-05,-1.642
-1.014,-1.635e-05,-1.643
-1.015,-1.657e-05,-1.644
-1.016,-1.684e-05,-1.645
-1.017,-1.707e-05,-1.646
-1.018,-1.735e-05,-1.647
-1.019,-1.76e-05,-1.648
-1.02,-1.79e-05,-1.649
-1.021,-1.816e-05,-1.65
-1.022,-1.846e-05,-1.651
-1.023,-1.874e-05,-1.652
-1.024,-1.908e-05,-1.653
-1.025,-1.937e-05,-1.654
-1.026,-1.971e-05,-1.655
-1.027,-2.002e-05,-1.656
-1.028,-2.037e-05,-1.657
-1.029,-2.069e-05,-1.658
-1.03,-2.107e-05,-1.659
-1.031,-2.142e-05,-1.66
-1.032,-2.181e-05,-1.661
-1.033,-2.216e-05,-1.662
-1.034,-2.257e-05,-1.663
-1.035,-2.294e-05,-1.664
-1.036,-2.337e-05,-1.665
-1.037,-2.376e-05,-1.666
-1.038,-2.422e-05,-1.667
-1.039,-2.462e-05,-1.668
-1.04,-2.509e-05,-1.669
-1.041,-2.552e-05,-1.67
-1.042,-2.599e-05,-1.671
-1.043,-2.643e-05,-1.672
-1.044,-2.694e-05,-1.673
-1.045,-2.739e-05,-1.674
-1.046,-2.79e-05,-1.675
-1.047,-2.837e-05,-1.676
-1.048,-2.89e-05,-1.677
-1.049,-2.94e-05,-1.678
-1.05,-2.995e-05,-1.679
-1.051,-3.046e-05,-1.68
-1.052,-3.103e-05,-1.681
-1.053,-3.156e-05,-1.682
-1.054,-3.216e-05,-1.683
-1.055,-3.27e-05,-1.684
-1.056,-3.331e-05,-1.685
-1.057,-3.387e-05,-1.686
-1.058,-3.449e-05,-1.687
-1.059,-3.506e-05,-1.688
-1.06,-3.57e-05,-1.689
-1.061,-3.628e-05,-1.69
-1.062,-3.694e-05,-1.691
-1.063,-3.755e-05,-1.692
-1.064,-3.822e-05,-1.693
-1.065,-3.883e-05,-1.694
-1.066,-3.951e-05,-1.695
-1.067,-4.016e-05,-1.696
-1.068,-4.085e-05,-1.697
-1.069,-4.15e-05,-1.698
-1.07,-4.221e-05,-1.699
-1.071,-4.287e-05,-1.7
-1.072,-4.358e-05,-1.701
-1.073,-4.424e-05,-1.702
-1.074,-4.496e-05,-1.703
-1.075,-4.565e-05,-1.704
-1.076,-4.64e-05,-1.705
-1.077,-4.709e-05,-1.706
-1.078,-4.785e-05,-1.707
-1.079,-4.855e-05,-1.708
-1.08,-4.931e-05,-1.709
-1.081,-5e-05,-1.71
-1.082,-5.077e-05,-1.711
-1.083,-5.149e-05,-1.712
-1.084,-5.225e-05,-1.713
-1.085,-5.297e-05,-1.714
-1.086,-5.374e-05,-1.715
-1.087,-5.446e-05,-1.716
-1.088,-5.524e-05,-1.717
-1.089,-5.599e-05,-1.718
-1.09,-5.677e-05,-1.719
-1.091,-5.749e-05,-1.72
-1.092,-5.827e-05,-1.721
-1.093,-5.899e-05,-1.722
-1.094,-5.976e-05,-1.723
-1.095,-6.048e-05,-1.724
-1.096,-6.126e-05,-1.725
-1.097,-6.199e-05,-1.726
-1.098,-6.276e-05,-1.727
-1.099,-6.349e-05,-1.728
-1.1,-6.425e-05,-1.729
-1.101,-6.498e-05,-1.73
-1.102,-6.575e-05,-1.731
-1.103,-6.645e-05,-1.732
-1.104,-6.721e-05,-1.733
-1.105,-6.791e-05,-1.734
-1.106,-6.866e-05,-1.735
-1.107,-6.934e-05,-1.736
-1.108,-7.009e-05,-1.737
-1.109,-7.077e-05,-1.738
-1.11,-7.151e-05,-1.739
-1.111,-7.218e-05,-1.74
-1.112,-7.29e-05,-1.741
-1.113,-7.354e-05,-1.742
-1.114,-7.424e-05,-1.743
-1.115,-7.488e-05,-1.744
-1.116,-7.555e-05,-1.745
-1.117,-7.617e-05,-1.746
-1.118,-7.684e-05,-1.747
-1.119,-7.742e-05,-1.748
-1.12,-7.807e-05,-1.749
-1.121,-7.866e-05,-1.75
-1.122,-7.928e-05,-1.7510000000000001
-1.123,-7.984e-05,-1.752
-1.124,-8.044e-05,-1.7530000000000001
-1.125,-8.097e-05,-1.754
-1.126,-8.155e-05,-1.755
-1.127,-8.206e-05,-1.756
-1.128,-8.261e-05,-1.757
-1.129,-8.31e-05,-1.758
-1.13,-8.361e-05,-1.759
-1.131,-8.407e-05,-1.76
-1.132,-8.456e-05,-1.761
-1.133,-8.498e-05,-1.762
-1.134,-8.545e-05,-1.763
-1.135,-8.584e-05,-1.764
-1.136,-8.627e-05,-1.765
-1.137,-8.663e-05,-1.766
-1.138,-8.703e-05,-1.767
-1.139,-8.737e-05,-1.768
-1.14,-8.774e-05,-1.769
-1.141,-8.803e-05,-1.77
-1.142,-8.836e-05,-1.771
-1.143,-8.861e-05,-1.772
-1.144,-8.891e-05,-1.773
-1.145,-8.912e-05,-1.774
-1.146,-8.938e-05,-1.775
-1.147,-8.957e-05,-1.776
-1.148,-8.979e-05,-1.777
-1.149,-8.994e-05,-1.778
-1.15,-9.013e-05,-1.779
-1.151,-9.024e-05,-1.78
-1.152,-9.04e-05,-1.781
-1.153,-9.048e-05,-1.782
-1.154,-9.059e-05,-1.783
-1.155,-9.064e-05,-1.784
-1.156,-9.072e-05,-1.785
-1.157,-9.073e-05,-1.786
-1.158,-9.077e-05,-1.787
-1.159,-9.075e-05,-1.788
-1.16,-9.076e-05,-1.789
-1.161,-9.071e-05,-1.79
-1.162,-9.069e-05,-1.791
-1.163,-9.06e-05,-1.792
-1.164,-9.055e-05,-1.793
-1.165,-9.044e-05,-1.794
-1.166,-9.037e-05,-1.795
-1.167,-9.022e-05,-1.796
-1.168,-9.013e-05,-1.797
-1.169,-8.996e-05,-1.798
-1.17,-8.983e-05,-1.799
-1.171,-8.965e-05,-1.8
-1.172,-8.951e-05,-1.801
-1.173,-8.929e-05,-1.802
-1.174,-8.913e-05,-1.803
-1.175,-8.891e-05,-1.804
-1.176,-8.874e-05,-1.805
-1.177,-8.85e-05,-1.806
-1.178,-8.832e-05,-1.807
-1.179,-8.808e-05,-1.808
-1.18,-8.788e-05,-1.809
-1.181,-8.762e-05,-1.81
-1.182,-8.742e-05,-1.811
-1.183,-8.715e-05,-1.812
-1.184,-8.694e-05,-1.813
-1.185,-8.668e-05,-1.814
-1.186,-8.646e-05,-1.815
-1.187,-8.62e-05,-1.816
-1.188,-8.598e-05,-1.817
-1.189,-8.572e-05,-1.818
-1.19,-8.551e-05,-1.819
-1.191,-8.526e-05,-1.82
-1.192,-8.505e-05,-1.821
-1.193,-8.48e-05,-1.822
-1.194,-8.46e-05,-1.823
-1.195,-8.436e-05,-1.824
-1.196,-8.416e-05,-1.825
-1.197,-8.393e-05,-1.826
-1.198,-8.375e-05,-1.827
-1.199,-8.352e-05,-1.828
-1.2,-8.336e-05,-1.829
-1.201,-8.315e-05,-1.83
-1.202,-8.299e-05,-1.831
-1.203,-8.28e-05,-1.832
-1.204,-8.265e-05,-1.833
-1.205,-8.247e-05,-1.834
-1.206,-8.235e-05,-1.835
-1.207,-8.218e-05,-1.836
-1.208,-8.207e-05,-1.837
-1.209,-8.193e-05,-1.838
-1.21,-8.184e-05,-1.839
-1.211,-8.171e-05,-1.84
-1.212,-8.163e-05,-1.841
-1.213,-8.153e-05,-1.842
-1.214,-8.148e-05,-1.843
-1.215,-8.138e-05,-1.844
-1.216,-8.136e-05,-1.845
-1.217,-8.13e-05,-1.846
-1.218,-8.128e-05,-1.847
-1.219,-8.124e-05,-1.848
-1.22,-8.125e-05,-1.849
-1.221,-8.123e-05,-1.85
-1.222,-8.127e-05,-1.851
-1.223,-8.127e-05,-1.852
-1.224,-8.133e-05,-1.853
-1.225,-8.136e-05,-1.854
-1.226,-8.144e-05,-1.855
-1.227,-8.15e-05,-1.856
-1.228,-8.161e-05,-1.857
-1.229,-8.17e-05,-1.858
-1.23,-8.185e-05,-1.859
-1.231,-8.194e-05,-1.86
-1.232,-8.211e-05,-1.861
-1.233,-8.223e-05,-1.862
-1.234,-8.242e-05,-1.863
-1.235,-8.258e-05,-1.864
-1.236,-8.279e-05,-1.865
-1.237,-8.297e-05,-1.866
-1.238,-8.321e-05,-1.867
-1.239,-8.342e-05,-1.868
-1.24,-8.368e-05,-1.869
-1.241,-8.391e-05,-1.87
-1.242,-8.421e-05,-1.871
-1.243,-8.447e-05,-1.872
-1.244,-8.479e-05,-1.873
-1.245,-8.507e-05,-1.874
-1.246,-8.541e-05,-1.875
-1.247,-8.572e-05,-1.8760000000000001
-1.248,-8.609e-05,-1.877
-1.249,-8.643e-05,-1.8780000000000001
-1.25,-8.682e-05,-1.879
-1.251,-8.72e-05,-1.88
-1.252,-8.762e-05,-1.881
-1.253,-8.8e-05,-1.882
-1.254,-8.845e-05,-1.883
-1.255,-8.886e-05,-1.884
-1.256,-8.934e-05,-1.885
-1.257,-8.977e-05,-1.886
-1.258,-9.027e-05,-1.887
-1.259,-9.072e-05,-1.888
-1.26,-9.122e-05,-1.889
-1.261,-9.17e-05,-1.89
-1.262,-9.225e-05,-1.891
-1.263,-9.275e-05,-1.892
-1.264,-9.332e-05,-1.893
-1.265,-9.385e-05,-1.894
-1.266,-9.444e-05,-1.895
-1.267,-9.501e-05,-1.896
-1.268,-9.564e-05,-1.897
-1.269,-9.621e-05,-1.898
-1.27,-9.686e-05,-1.899
-1.271,-9.747e-05,-1.9
-1.272,-9.814e-05,-1.901
-1.273,-9.877e-05,-1.902
-1.274,-9.948e-05,-1.903
-1.275,-0.0001002,-1.904
-1.276,-0.0001009,-1.905
-1.277,-0.0001016,-1.906
-1.278,-0.0001024,-1.907
-1.279,-0.0001031,-1.908
-1.28,-0.0001039,-1.909
-1.281,-0.0001047,-1.91
-1.282,-0.0001055,-1.911
-1.283,-0.0001063,-1.912
-1.284,-0.0001072,-1.913
-1.285,-0.000108,-1.914
-1.286,-0.000109,-1.915
-1.287,-0.0001098,-1.916
-1.288,-0.0001108,-1.917
-1.289,-0.0001117,-1.918
-1.29,-0.0001126,-1.919
-1.291,-0.0001135,-1.92
-1.292,-0.0001145,-1.921
-1.293,-0.0001154,-1.922
-1.294,-0.0001164,-1.923
-1.295,-0.0001174,-1.924
-1.296,-0.0001184,-1.925
-1.297,-0.0001193,-1.926
-1.298,-0.0001203,-1.927
-1.299,-0.0001212,-1.928
-1.3,-0.0001222,-1.929
-1.301,-0.0001231,-1.93
-1.302,-0.0001241,-1.931
-1.303,-0.000125,-1.932
-1.304,-0.0001259,-1.933
-1.305,-0.0001268,-1.934
-1.306,-0.0001277,-1.935
-1.307,-0.0001286,-1.936
-1.308,-0.0001295,-1.937
-1.309,-0.0001303,-1.938
-1.31,-0.0001312,-1.939
-1.311,-0.000132,-1.94
-1.312,-0.0001328,-1.941
-1.313,-0.0001336,-1.942
-1.314,-0.0001344,-1.943
-1.315,-0.0001352,-1.944
-1.316,-0.000136,-1.945
-1.317,-0.0001367,-1.946
-1.318,-0.0001375,-1.947
-1.319,-0.0001382,-1.948
-1.32,-0.0001389,-1.949
-1.321,-0.0001396,-1.95
-1.322,-0.0001403,-1.951
-1.323,-0.0001409,-1.952
-1.324,-0.0001416,-1.953
-1.325,-0.0001422,-1.954
-1.326,-0.0001429,-1.955
-1.327,-0.0001435,-1.956
-1.328,-0.0001441,-1.957
-1.329,-0.0001447,-1.958
-1.33,-0.0001453,-1.959
-1.331,-0.0001458,-1.96
-1.332,-0.0001464,-1.961
-1.333,-0.0001469,-1.962
-1.334,-0.0001475,-1.963
-1.335,-0.000148,-1.964
-1.336,-0.0001485,-1.965
-1.337,-0.0001489,-1.966
-1.338,-0.0001495,-1.967
-1.339,-0.0001499,-1.968
-1.34,-0.0001504,-1.969
-1.341,-0.0001508,-1.97
-1.342,-0.0001512,-1.971
-1.343,-0.0001516,-1.972
-1.344,-0.000152,-1.973
-1.345,-0.0001524,-1.974
-1.346,-0.0001528,-1.975
-1.347,-0.0001531,-1.976
-1.348,-0.0001535,-1.977
-1.349,-0.0001538,-1.978
-1.35,-0.0001541,-1.979
-1.351,-0.0001544,-1.98
-1.352,-0.0001547,-1.981
-1.353,-0.0001549,-1.982
-1.354,-0.0001551,-1.983
-1.355,-0.0001553,-1.984
-1.356,-0.0001556,-1.985
-1.357,-0.0001557,-1.986
-1.358,-0.0001559,-1.987
-1.359,-0.000156,-1.988
-1.36,-0.0001562,-1.989
-1.361,-0.0001563,-1.99
-1.362,-0.0001564,-1.991
-1.363,-0.0001565,-1.992
-1.364,-0.0001566,-1.993
-1.365,-0.0001566,-1.994
-1.366,-0.0001566,-1.995
-1.367,-0.0001566,-1.996
-1.368,-0.0001566,-1.997
-1.369,-0.0001566,-1.998
-1.37,-0.0001566,-1.999
-1.371,-0.0001565,-2.0
-1.372,-0.0001564,-2.0010000000000003
-1.373,-0.0001563,-2.002
-1.374,-0.0001562,-2.003
-1.375,-0.0001561,-2.004
-1.376,-0.000156,-2.005
-1.377,-0.0001558,-2.0060000000000002
-1.378,-0.0001556,-2.0069999999999997
-1.379,-0.0001554,-2.008
-1.38,-0.0001553,-2.009
-1.381,-0.000155,-2.01
-1.382,-0.0001549,-2.011
-1.383,-0.0001546,-2.012
-1.384,-0.0001544,-2.013
-1.385,-0.0001541,-2.0140000000000002
-1.386,-0.0001539,-2.0149999999999997
-1.387,-0.0001536,-2.016
-1.388,-0.0001534,-2.017
-1.389,-0.0001531,-2.018
-1.39,-0.0001528,-2.019
-1.391,-0.0001525,-2.02
-1.392,-0.0001522,-2.021
-1.393,-0.0001519,-2.0220000000000002
-1.394,-0.0001516,-2.0229999999999997
-1.395,-0.0001512,-2.024
-1.396,-0.0001509,-2.025
-1.397,-0.0001505,-2.026
-1.398,-0.0001502,-2.027
-1.399,-0.0001498,-2.028
-1.4,-0.0001494,-2.029
-1.401,-0.000149,-2.0300000000000002
-1.402,-0.0001486,-2.0309999999999997
-1.403,-0.0001482,-2.032
-1.404,-0.0001479,-2.033
-1.405,-0.0001475,-2.034
-1.406,-0.0001472,-2.035
-1.407,-0.0001468,-2.036
-1.408,-0.0001465,-2.037
-1.409,-0.0001461,-2.0380000000000003
-1.41,-0.0001458,-2.0389999999999997
-1.411,-0.0001454,-2.04
-1.412,-0.0001451,-2.041
-1.413,-0.0001447,-2.042
-1.414,-0.0001444,-2.043
-1.415,-0.000144,-2.044
-1.416,-0.0001436,-2.045
-1.417,-0.0001432,-2.0460000000000003
-1.418,-0.0001429,-2.0469999999999997
-1.419,-0.0001425,-2.048
-1.42,-0.0001421,-2.049
-1.421,-0.0001417,-2.05
-1.422,-0.0001414,-2.051
-1.423,-0.0001411,-2.052
-1.424,-0.0001408,-2.053
-1.425,-0.0001405,-2.0540000000000003
-1.426,-0.0001402,-2.0549999999999997
-1.427,-0.0001399,-2.056
-1.428,-0.0001396,-2.057
-1.429,-0.0001393,-2.058
-1.43,-0.0001391,-2.059
-1.431,-0.0001388,-2.06
-1.432,-0.0001385,-2.061
-1.433,-0.0001381,-2.0620000000000003
-1.434,-0.0001378,-2.0629999999999997
-1.435,-0.0001375,-2.064
-1.436,-0.0001372,-2.065
-1.437,-0.000137,-2.066
-1.438,-0.0001367,-2.067
-1.439,-0.0001365,-2.068
-1.44,-0.0001363,-2.069
-1.441,-0.0001361,-2.0700000000000003
-1.442,-0.000136,-2.0709999999999997
-1.443,-0.0001358,-2.072
-1.444,-0.0001356,-2.073
-1.445,-0.0001354,-2.074
-1.446,-0.0001353,-2.075
-1.447,-0.0001351,-2.076
-1.448,-0.000135,-2.077
-1.449,-0.0001348,-2.0780000000000003
-1.45,-0.0001347,-2.0789999999999997
-1.451,-0.0001345,-2.08
-1.452,-0.0001344,-2.081
-1.453,-0.0001343,-2.082
-1.454,-0.0001342,-2.083
-1.455,-0.0001342,-2.084
-1.456,-0.0001341,-2.085
-1.457,-0.0001341,-2.0860000000000003
-1.458,-0.000134,-2.0869999999999997
-1.459,-0.000134,-2.088
-1.46,-0.000134,-2.089
-1.461,-0.000134,-2.09
-1.462,-0.000134,-2.091
-1.463,-0.000134,-2.092
-1.464,-0.000134,-2.093
-1.465,-0.000134,-2.0940000000000003
-1.466,-0.000134,-2.0949999999999998
-1.467,-0.000134,-2.096
-1.468,-0.000134,-2.097
-1.469,-0.0001341,-2.098
-1.47,-0.0001341,-2.099
-1.471,-0.0001342,-2.1
-1.472,-0.0001343,-2.101
-1.473,-0.0001344,-2.1020000000000003
-1.474,-0.0001345,-2.1029999999999998
-1.475,-0.0001346,-2.104
-1.476,-0.0001347,-2.105
-1.477,-0.0001348,-2.106
-1.478,-0.0001349,-2.107
-1.479,-0.000135,-2.108
-1.48,-0.0001352,-2.109
-1.481,-0.0001353,-2.1100000000000003
-1.482,-0.0001354,-2.1109999999999998
-1.483,-0.0001356,-2.112
-1.484,-0.0001357,-2.113
-1.485,-0.0001359,-2.114
-1.486,-0.0001361,-2.115
-1.487,-0.0001362,-2.116
-1.488,-0.0001364,-2.117
-1.489,-0.0001365,-2.1180000000000003
-1.49,-0.0001367,-2.1189999999999998
-1.491,-0.0001369,-2.12
-1.492,-0.0001371,-2.121
-1.493,-0.0001373,-2.122
-1.494,-0.0001375,-2.123
-1.495,-0.0001377,-2.124
-1.496,-0.000138,-2.125
-1.497,-0.0001382,-2.1260000000000003
-1.498,-0.0001385,-2.127
-1.499,-0.0001388,-2.128
-1.5,-0.0001391,-2.129
-1.501,-0.0001394,-2.13
-1.502,-0.0001397,-2.1310000000000002
-1.503,-0.00014,-2.1319999999999997
-1.504,-0.0001403,-2.133
-1.505,-0.0001406,-2.134
-1.506,-0.000141,-2.135
-1.507,-0.0001413,-2.136
-1.508,-0.0001416,-2.137
-1.509,-0.0001419,-2.138
-1.51,-0.0001423,-2.1390000000000002
-1.511,-0.0001427,-2.1399999999999997
-1.512,-0.0001431,-2.141
-1.513,-0.0001434,-2.142
-1.514,-0.0001438,-2.143
-1.515,-0.0001442,-2.144
-1.516,-0.0001446,-2.145
-1.517,-0.000145,-2.146
-1.518,-0.0001455,-2.1470000000000002
-1.519,-0.0001459,-2.1479999999999997
-1.52,-0.0001463,-2.149
-1.521,-0.0001468,-2.15
-1.522,-0.0001472,-2.151
-1.523,-0.0001477,-2.152
-1.524,-0.0001482,-2.153
-1.525,-0.0001486,-2.154
-1.526,-0.0001491,-2.1550000000000002
-1.527,-0.0001495,-2.1559999999999997
-1.528,-0.0001501,-2.157
-1.529,-0.0001506,-2.158
-1.53,-0.0001511,-2.159
-1.531,-0.0001516,-2.16
-1.532,-0.0001521,-2.161
-1.533,-0.0001526,-2.162
-1.534,-0.0001532,-2.1630000000000003
-1.535,-0.0001537,-2.1639999999999997
-1.536,-0.0001543,-2.165
-1.537,-0.0001548,-2.166
-1.538,-0.0001554,-2.167
-1.539,-0.000156,-2.168
-1.54,-0.0001566,-2.169
-1.541,-0.0001571,-2.17
-1.542,-0.0001577,-2.1710000000000003
-1.543,-0.0001583,-2.1719999999999997
-1.544,-0.0001589,-2.173
-1.545,-0.0001595,-2.174
-1.546,-0.0001601,-2.175
-1.547,-0.0001607,-2.176
-1.548,-0.0001614,-2.177
-1.549,-0.000162,-2.178
-1.55,-0.0001627,-2.1790000000000003
-1.551,-0.0001633,-2.1799999999999997
-1.552,-0.0001639,-2.181
-1.553,-0.0001646,-2.182
-1.554,-0.0001652,-2.183
-1.555,-0.0001659,-2.184
-1.556,-0.0001666,-2.185
-1.557,-0.0001672,-2.186
-1.558,-0.0001679,-2.1870000000000003
-1.559,-0.0001685,-2.1879999999999997
-1.56,-0.0001692,-2.189
-1.561,-0.0001699,-2.19
-1.562,-0.0001706,-2.191
-1.563,-0.0001712,-2.192
-1.564,-0.0001719,-2.193
-1.565,-0.0001726,-2.194
-1.566,-0.0001733,-2.1950000000000003
-1.567,-0.000174,-2.1959999999999997
-1.568,-0.0001747,-2.197
-1.569,-0.0001754,-2.198
-1.57,-0.0001761,-2.199
-1.571,-0.0001767,-2.2
-1.572,-0.0001774,-2.201
-1.573,-0.0001781,-2.202
-1.574,-0.0001788,-2.2030000000000003
-1.575,-0.0001794,-2.2039999999999997
-1.576,-0.0001801,-2.205
-1.577,-0.0001808,-2.206
-1.578,-0.0001815,-2.207
-1.579,-0.0001822,-2.208
-1.58,-0.0001829,-2.209
-1.581,-0.0001835,-2.21
-1.582,-0.0001842,-2.2110000000000003
-1.583,-0.0001848,-2.2119999999999997
-1.584,-0.0001855,-2.213
-1.585,-0.0001862,-2.214
-1.586,-0.0001868,-2.215
-1.587,-0.0001875,-2.216
-1.588,-0.0001882,-2.217
-1.589,-0.0001888,-2.218
-1.59,-0.0001895,-2.2190000000000003
-1.591,-0.0001901,-2.2199999999999998
-1.592,-0.0001907,-2.221
-1.593,-0.0001913,-2.222
-1.594,-0.000192,-2.223
-1.595,-0.0001925,-2.224
-1.596,-0.0001932,-2.225
-1.597,-0.0001937,-2.226
-1.598,-0.0001944,-2.2270000000000003
-1.599,-0.0001949,-2.2279999999999998
-1.6,-0.0001955,-2.229
-1.601,-0.0001961,-2.23
-1.602,-0.0001967,-2.231
-1.603,-0.0001973,-2.232
-1.604,-0.0001979,-2.233
-1.605,-0.0001984,-2.234
-1.606,-0.000199,-2.2350000000000003
-1.607,-0.0001995,-2.2359999999999998
-1.608,-0.0002001,-2.237
-1.609,-0.0002006,-2.238
-1.61,-0.0002012,-2.239
-1.611,-0.0002017,-2.24
-1.612,-0.0002022,-2.241
-1.613,-0.0002027,-2.242
-1.614,-0.0002032,-2.2430000000000003
-1.615,-0.0002037,-2.2439999999999998
-1.616,-0.0002043,-2.245
-1.617,-0.0002048,-2.246
-1.618,-0.0002053,-2.247
-1.619,-0.0002057,-2.248
-1.62,-0.0002062,-2.249
-1.621,-0.0002067,-2.25
-1.622,-0.0002072,-2.2510000000000003
-1.623,-0.0002076,-2.252
-1.624,-0.0002081,-2.253
-1.625,-0.0002085,-2.254
-1.626,-0.000209,-2.255
-1.627,-0.0002093,-2.2560000000000002
-1.628,-0.0002098,-2.2569999999999997
-1.629,-0.0002102,-2.258
-1.63,-0.0002106,-2.259
-1.631,-0.000211,-2.26
-1.632,-0.0002114,-2.261
-1.633,-0.0002118,-2.262
-1.634,-0.0002122,-2.263
-1.635,-0.0002125,-2.2640000000000002
-1.636,-0.0002129,-2.2649999999999997
-1.637,-0.0002133,-2.266
-1.638,-0.0002137,-2.267
-1.639,-0.000214,-2.268
-1.64,-0.0002144,-2.269
-1.641,-0.0002147,-2.27
-1.642,-0.0002151,-2.271
-1.643,-0.0002154,-2.2720000000000002
-1.644,-0.0002158,-2.2729999999999997
-1.645,-0.0002161,-2.274
-1.646,-0.0002164,-2.275
-1.647,-0.0002167,-2.276
-1.648,-0.000217,-2.277
-1.649,-0.0002173,-2.278
-1.65,-0.0002176,-2.279
-1.651,-0.0002179,-2.2800000000000002
-1.652,-0.0002182,-2.2809999999999997
-1.653,-0.0002184,-2.282
-1.654,-0.0002187,-2.283
-1.655,-0.0002189,-2.284
-1.656,-0.0002192,-2.285
-1.657,-0.0002194,-2.286
-1.658,-0.0002197,-2.287
-1.659,-0.0002199,-2.2880000000000003
-1.66,-0.0002202,-2.2889999999999997
-1.661,-0.0002204,-2.29
-1.662,-0.0002206,-2.291
-1.663,-0.0002208,-2.292
-1.664,-0.000221,-2.293
-1.665,-0.0002212,-2.294
-1.666,-0.0002214,-2.295
-1.667,-0.0002215,-2.2960000000000003
-1.668,-0.0002217,-2.2969999999999997
-1.669,-0.0002218,-2.298
-1.67,-0.000222,-2.299
-1.671,-0.0002221,-2.3
-1.672,-0.0002222,-2.301
-1.673,-0.0002224,-2.302
-1.674,-0.0002225,-2.303
-1.675,-0.0002226,-2.3040000000000003
-1.676,-0.0002227,-2.3049999999999997
-1.677,-0.0002228,-2.306
-1.678,-0.0002228,-2.307
-1.679,-0.0002229,-2.308
-1.68,-0.000223,-2.309
-1.681,-0.000223,-2.31
-1.682,-0.0002231,-2.311
-1.683,-0.0002232,-2.3120000000000003
-1.684,-0.0002233,-2.3129999999999997
-1.685,-0.0002234,-2.314
-1.686,-0.0002234,-2.315
-1.687,-0.0002235,-2.316
-1.688,-0.0002235,-2.317
-1.689,-0.0002236,-2.318
-1.69,-0.0002237,-2.319
-1.691,-0.0002237,-2.3200000000000003
-1.692,-0.0002237,-2.3209999999999997
-1.693,-0.0002238,-2.322
-1.694,-0.0002238,-2.323
-1.695,-0.0002238,-2.324
-1.696,-0.0002239,-2.325
-1.697,-0.0002239,-2.326
-1.698,-0.000224,-2.327
-1.699,-0.000224,-2.3280000000000003
-1.7,-0.000224,-2.3289999999999997
-1.701,-0.0002241,-2.33
-1.702,-0.0002241,-2.331
-1.703,-0.0002242,-2.332
-1.704,-0.0002242,-2.333
-1.705,-0.0002242,-2.334
-1.706,-0.0002243,-2.335
-1.707,-0.0002243,-2.3360000000000003
-1.708,-0.0002244,-2.3369999999999997
-1.709,-0.0002244,-2.338
-1.71,-0.0002245,-2.339
-1.711,-0.0002246,-2.34
-1.712,-0.0002246,-2.341
-1.713,-0.0002246,-2.342
-1.714,-0.0002247,-2.343
-1.715,-0.0002248,-2.3440000000000003
-1.716,-0.0002248,-2.3449999999999998
-1.717,-0.0002249,-2.346
-1.718,-0.000225,-2.347
-1.719,-0.0002251,-2.348
-1.72,-0.0002252,-2.349
-1.721,-0.0002252,-2.35
-1.722,-0.0002253,-2.351
-1.723,-0.0002254,-2.3520000000000003
-1.724,-0.0002255,-2.3529999999999998
-1.725,-0.0002256,-2.354
-1.726,-0.0002257,-2.355
-1.727,-0.0002258,-2.356
-1.728,-0.0002259,-2.357
-1.729,-0.000226,-2.358
-1.73,-0.0002262,-2.359
-1.731,-0.0002263,-2.3600000000000003
-1.732,-0.0002264,-2.3609999999999998
-1.733,-0.0002266,-2.362
-1.734,-0.0002267,-2.363
-1.735,-0.0002269,-2.364
-1.736,-0.000227,-2.365
-1.737,-0.0002272,-2.366
-1.738,-0.0002274,-2.367
-1.739,-0.0002275,-2.3680000000000003
-1.74,-0.0002277,-2.3689999999999998
-1.741,-0.0002279,-2.37
-1.742,-0.0002281,-2.371
-1.743,-0.0002282,-2.372
-1.744,-0.0002284,-2.373
-1.745,-0.0002286,-2.374
-1.746,-0.0002288,-2.375
-1.747,-0.0002291,-2.3760000000000003
-1.748,-0.0002293,-2.377
-1.749,-0.0002295,-2.378
-1.75,-0.0002298,-2.379
-1.751,-0.00023,-2.38
-1.752,-0.0002302,-2.3810000000000002
-1.753,-0.0002304,-2.3819999999999997
-1.754,-0.0002306,-2.383
-1.755,-0.0002308,-2.384
-1.756,-0.0002311,-2.385
-1.757,-0.0002313,-2.386
-1.758,-0.0002315,-2.387
-1.759,-0.0002317,-2.388
-1.76,-0.0002319,-2.3890000000000002
-1.761,-0.0002321,-2.3899999999999997
-1.762,-0.0002323,-2.391
-1.763,-0.0002324,-2.392
-1.764,-0.0002326,-2.393
-1.765,-0.0002327,-2.394
-1.766,-0.0002329,-2.395
-1.767,-0.000233,-2.396
-1.768,-0.0002332,-2.3970000000000002
-1.769,-0.0002333,-2.3979999999999997
-1.77,-0.0002333,-2.399
-1.771,-0.0002333,-2.4
-1.772,-0.0002334,-2.401
-1.773,-0.0002334,-2.402
-1.774,-0.0002335,-2.403
-1.775,-0.0002336,-2.404
-1.776,-0.0002337,-2.4050000000000002
-1.777,-0.0002337,-2.4059999999999997
-1.778,-0.0002337,-2.407
-1.779,-0.0002337,-2.408
-1.78,-0.0002338,-2.409
-1.781,-0.0002337,-2.41
-1.782,-0.0002338,-2.411
-1.783,-0.0002338,-2.412
-1.784,-0.0002337,-2.4130000000000003
-1.785,-0.0002337,-2.4139999999999997
-1.786,-0.0002337,-2.415
-1.787,-0.0002337,-2.416
-1.788,-0.0002337,-2.417
-1.789,-0.0002337,-2.418
-1.79,-0.0002336,-2.419
-1.791,-0.0002336,-2.42
-1.792,-0.0002337,-2.4210000000000003
-1.793,-0.0002338,-2.4219999999999997
-1.794,-0.0002339,-2.423
-1.795,-0.0002339,-2.424
-1.796,-0.000234,-2.425
-1.797,-0.000234,-2.426
-1.798,-0.000234,-2.427
-1.799,-0.0002341,-2.428
-1.8,-0.0002339,-2.4290000000000003
-1.799,-0.0002328,-2.428
-1.798,-0.0002318,-2.427
-1.797,-0.0002309,-2.426
-1.796,-0.00023,-2.425
-1.795,-0.0002291,-2.424
-1.794,-0.0002282,-2.423
-1.793,-0.0002275,-2.4219999999999997
-1.792,-0.0002267,-2.4210000000000003
-1.791,-0.000226,-2.42
-1.79,-0.0002253,-2.419
-1.789,-0.0002246,-2.418
-1.788,-0.0002239,-2.417
-1.787,-0.0002233,-2.416
-1.786,-0.0002226,-2.415
-1.785,-0.0002219,-2.4139999999999997
-1.784,-0.0002212,-2.4130000000000003
-1.783,-0.0002207,-2.412
-1.782,-0.0002201,-2.411
-1.781,-0.0002195,-2.41
-1.78,-0.0002189,-2.409
-1.779,-0.0002183,-2.408
-1.778,-0.0002177,-2.407
-1.777,-0.0002172,-2.4059999999999997
-1.776,-0.0002166,-2.4050000000000002
-1.775,-0.0002161,-2.404
-1.774,-0.0002156,-2.403
-1.773,-0.000215,-2.402
-1.772,-0.0002145,-2.401
-1.771,-0.0002139,-2.4
-1.77,-0.0002134,-2.399
-1.769,-0.0002129,-2.3979999999999997
-1.768,-0.0002124,-2.3970000000000002
-1.767,-0.0002119,-2.396
-1.766,-0.0002114,-2.395
-1.765,-0.0002109,-2.394
-1.764,-0.0002103,-2.393
-1.763,-0.0002098,-2.392
-1.762,-0.0002093,-2.391
-1.761,-0.0002088,-2.3899999999999997
-1.76,-0.0002083,-2.3890000000000002
-1.759,-0.0002078,-2.388
-1.758,-0.0002073,-2.387
-1.757,-0.0002068,-2.386
-1.756,-0.0002063,-2.385
-1.755,-0.0002058,-2.384
-1.754,-0.0002054,-2.383
-1.753,-0.0002049,-2.3819999999999997
-1.752,-0.0002044,-2.3810000000000002
-1.751,-0.000204,-2.38
-1.75,-0.0002035,-2.379
-1.749,-0.000203,-2.378
-1.748,-0.0002026,-2.377
-1.747,-0.0002021,-2.3760000000000003
-1.746,-0.0002017,-2.375
-1.745,-0.0002012,-2.374
-1.744,-0.0002008,-2.373
-1.743,-0.0002003,-2.372
-1.742,-0.0001999,-2.371
-1.741,-0.0001994,-2.37
-1.74,-0.000199,-2.3689999999999998
-1.739,-0.0001985,-2.3680000000000003
-1.738,-0.0001981,-2.367
-1.737,-0.0001976,-2.366
-1.736,-0.0001972,-2.365
-1.735,-0.0001967,-2.364
-1.734,-0.0001963,-2.363
-1.733,-0.0001958,-2.362
-1.732,-0.0001954,-2.3609999999999998
-1.731,-0.0001949,-2.3600000000000003
-1.73,-0.0001945,-2.359
-1.729,-0.000194,-2.358
-1.728,-0.0001936,-2.357
-1.727,-0.0001931,-2.356
-1.726,-0.0001927,-2.355
-1.725,-0.0001923,-2.354
-1.724,-0.0001918,-2.3529999999999998
-1.723,-0.0001914,-2.3520000000000003
-1.722,-0.0001909,-2.351
-1.721,-0.0001905,-2.35
-1.72,-0.0001901,-2.349
-1.719,-0.0001896,-2.348
-1.718,-0.0001892,-2.347
-1.717,-0.0001887,-2.346
-1.716,-0.0001883,-2.3449999999999998
-1.715,-0.0001878,-2.3440000000000003
-1.714,-0.0001874,-2.343
-1.713,-0.0001869,-2.342
-1.712,-0.0001865,-2.341
-1.711,-0.000186,-2.34
-1.71,-0.0001855,-2.339
-1.709,-0.0001851,-2.338
-1.708,-0.0001846,-2.3369999999999997
-1.707,-0.0001842,-2.3360000000000003
-1.706,-0.0001837,-2.335
-1.705,-0.0001833,-2.334
-1.704,-0.0001829,-2.333
-1.703,-0.0001824,-2.332
-1.702,-0.0001819,-2.331
-1.701,-0.0001814,-2.33
-1.7,-0.000181,-2.3289999999999997
-1.699,-0.0001805,-2.3280000000000003
-1.698,-0.0001801,-2.327
-1.697,-0.0001796,-2.326
-1.696,-0.0001791,-2.325
-1.695,-0.0001787,-2.324
-1.694,-0.0001782,-2.323
-1.693,-0.0001777,-2.322
-1.692,-0.0001773,-2.3209999999999997
-1.691,-0.0001768,-2.3200000000000003
-1.69,-0.0001763,-2.319
-1.689,-0.0001758,-2.318
-1.688,-0.0001753,-2.317
-1.687,-0.0001748,-2.316
-1.686,-0.0001743,-2.315
-1.685,-0.0001738,-2.314
-1.684,-0.0001733,-2.3129999999999997
-1.683,-0.0001728,-2.3120000000000003
-1.682,-0.0001723,-2.311
-1.681,-0.0001717,-2.31
-1.68,-0.0001712,-2.309
-1.679,-0.0001707,-2.308
-1.678,-0.0001702,-2.307
-1.677,-0.0001696,-2.306
-1.676,-0.0001691,-2.3049999999999997
-1.675,-0.0001686,-2.3040000000000003
-1.674,-0.000168,-2.303
-1.673,-0.0001675,-2.302
-1.672,-0.0001669,-2.301
-1.671,-0.0001663,-2.3
-1.67,-0.0001658,-2.299
-1.669,-0.0001651,-2.298
-1.668,-0.0001646,-2.2969999999999997
-1.667,-0.000164,-2.2960000000000003
-1.666,-0.0001634,-2.295
-1.665,-0.0001628,-2.294
-1.664,-0.0001622,-2.293
-1.663,-0.0001616,-2.292
-1.662,-0.000161,-2.291
-1.661,-0.0001604,-2.29
-1.66,-0.0001598,-2.2889999999999997
-1.659,-0.0001591,-2.2880000000000003
-1.658,-0.0001585,-2.287
-1.657,-0.0001578,-2.286
-1.656,-0.0001572,-2.285
-1.655,-0.0001565,-2.284
-1.654,-0.0001559,-2.283
-1.653,-0.0001552,-2.282
-1.652,-0.0001545,-2.2809999999999997
-1.651,-0.0001538,-2.2800000000000002
-1.65,-0.0001532,-2.279
-1.649,-0.0001525,-2.278
-1.648,-0.0001518,-2.277
-1.647,-0.0001511,-2.276
-1.646,-0.0001504,-2.275
-1.645,-0.0001496,-2.274
-1.644,-0.0001489,-2.2729999999999997
-1.643,-0.0001482,-2.2720000000000002
-1.642,-0.0001475,-2.271
-1.641,-0.0001467,-2.27
-1.64,-0.000146,-2.269
-1.639,-0.0001452,-2.268
-1.638,-0.0001445,-2.267
-1.637,-0.0001437,-2.266
-1.636,-0.0001429,-2.2649999999999997
-1.635,-0.0001422,-2.2640000000000002
-1.634,-0.0001414,-2.263
-1.633,-0.0001406,-2.262
-1.632,-0.0001398,-2.261
-1.631,-0.000139,-2.26
-1.63,-0.0001383,-2.259
-1.629,-0.0001375,-2.258
-1.628,-0.0001367,-2.2569999999999997
-1.627,-0.0001359,-2.2560000000000002
-1.626,-0.0001351,-2.255
-1.625,-0.0001342,-2.254
-1.624,-0.0001334,-2.253
-1.623,-0.0001326,-2.252
-1.622,-0.0001318,-2.2510000000000003
-1.621,-0.0001309,-2.25
-1.62,-0.0001301,-2.249
-1.619,-0.0001293,-2.248
-1.618,-0.0001284,-2.247
-1.617,-0.0001276,-2.246
-1.616,-0.0001268,-2.245
-1.615,-0.0001259,-2.2439999999999998
-1.614,-0.0001251,-2.2430000000000003
-1.613,-0.0001242,-2.242
-1.612,-0.0001234,-2.241
-1.611,-0.0001225,-2.24
-1.61,-0.0001217,-2.239
-1.609,-0.0001209,-2.238
-1.608,-0.00012,-2.237
-1.607,-0.0001192,-2.2359999999999998
-1.606,-0.0001183,-2.2350000000000003
-1.605,-0.0001174,-2.234
-1.604,-0.0001166,-2.233
-1.603,-0.0001158,-2.232
-1.602,-0.0001149,-2.231
-1.601,-0.0001141,-2.23
-1.6,-0.0001132,-2.229
-1.599,-0.0001124,-2.2279999999999998
-1.598,-0.0001116,-2.2270000000000003
-1.597,-0.0001107,-2.226
-1.596,-0.0001099,-2.225
-1.595,-0.0001091,-2.224
-1.594,-0.0001083,-2.223
-1.593,-0.0001074,-2.222
-1.592,-0.0001066,-2.221
-1.591,-0.0001058,-2.2199999999999998
-1.59,-0.000105,-2.2190000000000003
-1.589,-0.0001042,-2.218
-1.588,-0.0001034,-2.217
-1.587,-0.0001026,-2.216
-1.586,-0.0001018,-2.215
-1.585,-0.000101,-2.214
-1.584,-0.0001003,-2.213
-1.583,-9.953e-05,-2.2119999999999997
-1.582,-9.879e-05,-2.2110000000000003
-1.581,-9.804e-05,-2.21
-1.58,-9.73e-05,-2.209
-1.579,-9.657e-05,-2.208
-1.578,-9.586e-05,-2.207
-1.577,-9.513e-05,-2.206
-1.576,-9.443e-05,-2.205
-1.575,-9.372e-05,-2.2039999999999997
-1.574,-9.303e-05,-2.2030000000000003
-1.573,-9.235e-05,-2.202
-1.572,-9.169e-05,-2.201
-1.571,-9.104e-05,-2.2
-1.57,-9.042e-05,-2.199
-1.569,-8.978e-05,-2.198
-1.568,-8.916e-05,-2.197
-1.567,-8.853e-05,-2.1959999999999997
-1.566,-8.795e-05,-2.1950000000000003
-1.565,-8.735e-05,-2.194
-1.564,-8.677e-05,-2.193
-1.563,-8.62e-05,-2.192
-1.562,-8.565e-05,-2.191
-1.561,-8.51e-05,-2.19
-1.56,-8.459e-05,-2.189
-1.559,-8.408e-05,-2.1879999999999997
-1.558,-8.358e-05,-2.1870000000000003
-1.557,-8.309e-05,-2.186
-1.556,-8.264e-05,-2.185
-1.555,-8.217e-05,-2.184
-1.554,-8.174e-05,-2.183
-1.553,-8.131e-05,-2.182
-1.552,-8.09e-05,-2.181
-1.551,-8.05e-05,-2.1799999999999997
-1.55,-8.013e-05,-2.1790000000000003
-1.549,-7.975e-05,-2.178
-1.548,-7.941e-05,-2.177
-1.547,-7.907e-05,-2.176
-1.546,-7.876e-05,-2.175
-1.545,-7.846e-05,-2.174
-1.544,-7.818e-05,-2.173
-1.543,-7.79e-05,-2.1719999999999997
-1.542,-7.765e-05,-2.1710000000000003
-1.541,-7.742e-05,-2.17
-1.54,-7.722e-05,-2.169
-1.539,-7.702e-05,-2.168
-1.538,-7.685e-05,-2.167
-1.537,-7.669e-05,-2.166
-1.536,-7.655e-05,-2.165
-1.535,-7.64e-05,-2.1639999999999997
-1.534,-7.63e-05,-2.1630000000000003
-1.533,-7.62e-05,-2.162
-1.532,-7.614e-05,-2.161
-1.531,-7.608e-05,-2.16
-1.53,-7.603e-05,-2.159
-1.529,-7.6e-05,-2.158
-1.528,-7.599e-05,-2.157
-1.527,-7.599e-05,-2.1559999999999997
-1.526,-7.601e-05,-2.1550000000000002
-1.525,-7.605e-05,-2.154
-1.524,-7.61e-05,-2.153
-1.523,-7.616e-05,-2.152
-1.522,-7.624e-05,-2.151
-1.521,-7.632e-05,-2.15
-1.52,-7.644e-05,-2.149
-1.519,-7.654e-05,-2.1479999999999997
-1.518,-7.669e-05,-2.1470000000000002
-1.517,-7.681e-05,-2.146
-1.516,-7.697e-05,-2.145
-1.515,-7.712e-05,-2.144
-1.514,-7.729e-05,-2.143
-1.513,-7.747e-05,-2.142
-1.512,-7.766e-05,-2.141
-1.511,-7.784e-05,-2.1399999999999997
-1.51,-7.804e-05,-2.1390000000000002
-1.509,-7.824e-05,-2.138
-1.508,-7.846e-05,-2.137
-1.507,-7.868e-05,-2.136
-1.506,-7.89e-05,-2.135
-1.505,-7.914e-05,-2.134
-1.504,-7.938e-05,-2.133
-1.503,-7.96e-05,-2.1319999999999997
-1.502,-7.984e-05,-2.1310000000000002
-1.501,-8.006e-05,-2.13
-1.5,-8.03e-05,-2.129
-1.499,-8.053e-05,-2.128
-1.498,-8.076e-05,-2.127
-1.497,-8.099e-05,-2.1260000000000003
-1.496,-8.123e-05,-2.125
-1.495,-8.145e-05,-2.124
-1.494,-8.169e-05,-2.123
-1.493,-8.191e-05,-2.122
-1.492,-8.214e-05,-2.121
-1.491,-8.236e-05,-2.12
-1.49,-8.258e-05,-2.1189999999999998
-1.489,-8.279e-05,-2.1180000000000003
-1.488,-8.301e-05,-2.117
-1.487,-8.321e-05,-2.116
-1.486,-8.343e-05,-2.115
-1.485,-8.361e-05,-2.114
-1.484,-8.381e-05,-2.113
-1.483,-8.399e-05,-2.112
-1.482,-8.418e-05,-2.1109999999999998
-1.481,-8.436e-05,-2.1100000000000003
-1.48,-8.454e-05,-2.109
-1.479,-8.47e-05,-2.108
-1.478,-8.488e-05,-2.107
-1.477,-8.504e-05,-2.106
-1.476,-8.52e-05,-2.105
-1.475,-8.534e-05,-2.104
-1.474,-8.55e-05,-2.1029999999999998
-1.473,-8.562e-05,-2.1020000000000003
-1.472,-8.576e-05,-2.101
-1.471,-8.588e-05,-2.1
-1.47,-8.602e-05,-2.099
-1.469,-8.613e-05,-2.098
-1.468,-8.625e-05,-2.097
-1.467,-8.635e-05,-2.096
-1.466,-8.646e-05,-2.0949999999999998
-1.465,-8.656e-05,-2.0940000000000003
-1.464,-8.666e-05,-2.093
-1.463,-8.674e-05,-2.092
-1.462,-8.684e-05,-2.091
-1.461,-8.692e-05,-2.09
-1.46,-8.7e-05,-2.089
-1.459,-8.707e-05,-2.088
-1.458,-8.714e-05,-2.0869999999999997
-1.457,-8.72e-05,-2.0860000000000003
-1.456,-8.726e-05,-2.085
-1.455,-8.73e-05,-2.084
-1.454,-8.736e-05,-2.083
-1.453,-8.738e-05,-2.082
-1.452,-8.743e-05,-2.081
-1.451,-8.746e-05,-2.08
-1.45,-8.749e-05,-2.0789999999999997
-1.449,-8.75e-05,-2.0780000000000003
-1.448,-8.753e-05,-2.077
-1.447,-8.754e-05,-2.076
-1.446,-8.755e-05,-2.075
-1.445,-8.754e-05,-2.074
-1.444,-8.756e-05,-2.073
-1.443,-8.755e-05,-2.072
-1.442,-8.755e-05,-2.0709999999999997
-1.441,-8.753e-05,-2.0700000000000003
-1.44,-8.751e-05,-2.069
-1.439,-8.749e-05,-2.068
-1.438,-8.747e-05,-2.067
-1.437,-8.743e-05,-2.066
-1.436,-8.74e-05,-2.065
-1.435,-8.735e-05,-2.064
-1.434,-8.731e-05,-2.0629999999999997
-1.433,-8.725e-05,-2.0620000000000003
-1.432,-8.721e-05,-2.061
-1.431,-8.715e-05,-2.06
-1.43,-8.71e-05,-2.059
-1.429,-8.703e-05,-2.058
-1.428,-8.696e-05,-2.057
-1.427,-8.688e-05,-2.056
-1.426,-8.682e-05,-2.0549999999999997
-1.425,-8.674e-05,-2.0540000000000003
-1.424,-8.667e-05,-2.053
-1.423,-8.658e-05,-2.052
-1.422,-8.649e-05,-2.051
-1.421,-8.64e-05,-2.05
-1.42,-8.632e-05,-2.049
-1.419,-8.623e-05,-2.048
-1.418,-8.613e-05,-2.0469999999999997
-1.417,-8.6e-05,-2.0460000000000003
-1.416,-8.591e-05,-2.045
-1.415,-8.58e-05,-2.044
-1.414,-8.572e-05,-2.043
-1.413,-8.562e-05,-2.042
-1.412,-8.552e-05,-2.041
-1.411,-8.538e-05,-2.04
-1.41,-8.522e-05,-2.0389999999999997
-1.409,-8.505e-05,-2.0380000000000003
-1.408,-8.492e-05,-2.037
-1.407,-8.48e-05,-2.036
-1.406,-8.472e-05,-2.035
-1.405,-8.46e-05,-2.034
-1.404,-8.447e-05,-2.033
-1.403,-8.429e-05,-2.032
-1.402,-8.41e-05,-2.0309999999999997
-1.401,-8.389e-05,-2.0300000000000002
-1.4,-8.371e-05,-2.029
-1.399,-8.354e-05,-2.028
-1.398,-8.339e-05,-2.027
-1.397,-8.321e-05,-2.026
-1.396,-8.304e-05,-2.025
-1.395,-8.282e-05,-2.024
-1.394,-8.262e-05,-2.0229999999999997
-1.393,-8.24e-05,-2.0220000000000002
-1.392,-8.22e-05,-2.021
-1.391,-8.201e-05,-2.02
-1.39,-8.183e-05,-2.019
-1.389,-8.163e-05,-2.018
-1.388,-8.143e-05,-2.017
-1.387,-8.121e-05,-2.016
-1.386,-8.1e-05,-2.0149999999999997
-1.385,-8.076e-05,-2.0140000000000002
-1.384,-8.052e-05,-2.013
-1.383,-8.028e-05,-2.012
-1.382,-8.004e-05,-2.011
-1.381,-7.981e-05,-2.01
-1.38,-7.958e-05,-2.009
-1.379,-7.933e-05,-2.008
-1.378,-7.908e-05,-2.0069999999999997
-1.377,-7.881e-05,-2.0060000000000002
-1.376,-7.855e-05,-2.005
-1.375,-7.828e-05,-2.004
-1.374,-7.803e-05,-2.003
-1.373,-7.777e-05,-2.002
-1.372,-7.751e-05,-2.0010000000000003
-1.371,-7.724e-05,-2.0
-1.37,-7.697e-05,-1.999
-1.369,-7.668e-05,-1.998
-1.368,-7.639e-05,-1.997
-1.367,-7.609e-05,-1.996
-1.366,-7.579e-05,-1.995
-1.365,-7.548e-05,-1.994
-1.364,-7.519e-05,-1.993
-1.363,-7.49e-05,-1.992
-1.362,-7.459e-05,-1.991
-1.361,-7.428e-05,-1.99
-1.36,-7.397e-05,-1.989
-1.359,-7.363e-05,-1.988
-1.358,-7.331e-05,-1.987
-1.357,-7.297e-05,-1.986
-1.356,-7.265e-05,-1.985
-1.355,-7.231e-05,-1.984
-1.354,-7.197e-05,-1.983
-1.353,-7.162e-05,-1.982
-1.352,-7.127e-05,-1.981
-1.351,-7.09e-05,-1.98
-1.35,-7.054e-05,-1.979
-1.349,-7.017e-05,-1.978
-1.348,-6.981e-05,-1.977
-1.347,-6.943e-05,-1.976
-1.346,-6.907e-05,-1.975
-1.345,-6.868e-05,-1.974
-1.344,-6.83e-05,-1.973
-1.343,-6.791e-05,-1.972
-1.342,-6.754e-05,-1.971
-1.341,-6.714e-05,-1.97
-1.34,-6.674e-05,-1.969
-1.339,-6.634e-05,-1.968
-1.338,-6.593e-05,-1.967
-1.337,-6.552e-05,-1.966
-1.336,-6.512e-05,-1.965
-1.335,-6.47e-05,-1.964
-1.334,-6.428e-05,-1.963
-1.333,-6.386e-05,-1.962
-1.332,-6.343e-05,-1.961
-1.331,-6.298e-05,-1.96
-1.33,-6.255e-05,-1.959
-1.329,-6.212e-05,-1.958
-1.328,-6.169e-05,-1.957
-1.327,-6.124e-05,-1.956
-1.326,-6.081e-05,-1.955
-1.325,-6.035e-05,-1.954
-1.324,-5.99e-05,-1.953
-1.323,-5.946e-05,-1.952
-1.322,-5.902e-05,-1.951
-1.321,-5.856e-05,-1.95
-1.32,-5.811e-05,-1.949
-1.319,-5.765e-05,-1.948
-1.318,-5.718e-05,-1.947
-1.317,-5.671e-05,-1.946
-1.316,-5.624e-05,-1.945
-1.315,-5.577e-05,-1.944
-1.314,-5.529e-05,-1.943
-1.313,-5.481e-05,-1.942
-1.312,-5.434e-05,-1.941
-1.311,-5.385e-05,-1.94
-1.31,-5.338e-05,-1.939
-1.309,-5.29e-05,-1.938
-1.308,-5.242e-05,-1.937
-1.307,-5.194e-05,-1.936
-1.306,-5.146e-05,-1.935
-1.305,-5.097e-05,-1.934
-1.304,-5.049e-05,-1.933
-1.303,-5e-05,-1.932
-1.302,-4.952e-05,-1.931
-1.301,-4.904e-05,-1.93
-1.3,-4.855e-05,-1.929
-1.299,-4.806e-05,-1.928
-1.298,-4.756e-05,-1.927
-1.297,-4.707e-05,-1.926
-1.296,-4.658e-05,-1.925
-1.295,-4.609e-05,-1.924
-1.294,-4.561e-05,-1.923
-1.293,-4.513e-05,-1.922
-1.292,-4.464e-05,-1.921
-1.291,-4.416e-05,-1.92
-1.29,-4.369e-05,-1.919
-1.289,-4.321e-05,-1.918
-1.288,-4.273e-05,-1.917
-1.287,-4.225e-05,-1.916
-1.286,-4.177e-05,-1.915
-1.285,-4.13e-05,-1.914
-1.284,-4.082e-05,-1.913
-1.283,-4.035e-05,-1.912
-1.282,-3.986e-05,-1.911
-1.281,-3.938e-05,-1.91
-1.28,-3.891e-05,-1.909
-1.279,-3.843e-05,-1.908
-1.278,-3.798e-05,-1.907
-1.277,-3.751e-05,-1.906
-1.276,-3.705e-05,-1.905
-1.275,-3.66e-05,-1.904
-1.274,-3.613e-05,-1.903
-1.273,-3.568e-05,-1.902
-1.272,-3.523e-05,-1.901
-1.271,-3.478e-05,-1.9
-1.27,-3.433e-05,-1.899
-1.269,-3.388e-05,-1.898
-1.268,-3.345e-05,-1.897
-1.267,-3.3e-05,-1.896
-1.266,-3.256e-05,-1.895
-1.265,-3.212e-05,-1.894
-1.264,-3.168e-05,-1.893
-1.263,-3.125e-05,-1.892
-1.262,-3.082e-05,-1.891
-1.261,-3.039e-05,-1.89
-1.26,-2.997e-05,-1.889
-1.259,-2.956e-05,-1.888
-1.258,-2.915e-05,-1.887
-1.257,-2.873e-05,-1.886
-1.256,-2.832e-05,-1.885
-1.255,-2.793e-05,-1.884
-1.254,-2.753e-05,-1.883
-1.253,-2.713e-05,-1.882
-1.252,-2.674e-05,-1.881
-1.251,-2.635e-05,-1.88
-1.25,-2.596e-05,-1.879
-1.249,-2.558e-05,-1.8780000000000001
-1.248,-2.519e-05,-1.877
-1.247,-2.481e-05,-1.8760000000000001
-1.246,-2.444e-05,-1.875
-1.245,-2.406e-05,-1.874
-1.244,-2.369e-05,-1.873
-1.243,-2.333e-05,-1.872
-1.242,-2.297e-05,-1.871
-1.241,-2.261e-05,-1.87
-1.24,-2.227e-05,-1.869
-1.239,-2.193e-05,-1.868
-1.238,-2.158e-05,-1.867
-1.237,-2.125e-05,-1.866
-1.236,-2.092e-05,-1.865
-1.235,-2.058e-05,-1.864
-1.234,-2.025e-05,-1.863
-1.233,-1.994e-05,-1.862
-1.232,-1.961e-05,-1.861
-1.231,-1.929e-05,-1.86
-1.23,-1.898e-05,-1.859
-1.229,-1.866e-05,-1.858
-1.228,-1.835e-05,-1.857
-1.227,-1.807e-05,-1.856
-1.226,-1.778e-05,-1.855
-1.225,-1.749e-05,-1.854
-1.224,-1.721e-05,-1.853
-1.223,-1.692e-05,-1.852
-1.222,-1.664e-05,-1.851
-1.221,-1.636e-05,-1.85
-1.22,-1.608e-05,-1.849
-1.219,-1.581e-05,-1.848
-1.218,-1.554e-05,-1.847
-1.217,-1.528e-05,-1.846
-1.216,-1.502e-05,-1.845
-1.215,-1.475e-05,-1.844
-1.214,-1.451e-05,-1.843
-1.213,-1.426e-05,-1.842
-1.212,-1.401e-05,-1.841
-1.211,-1.376e-05,-1.84
-1.21,-1.352e-05,-1.839
-1.209,-1.326e-05,-1.838
-1.208,-1.302e-05,-1.837
-1.207,-1.278e-05,-1.836
-1.206,-1.254e-05,-1.835
-1.205,-1.23e-05,-1.834
-1.204,-1.207e-05,-1.833
-1.203,-1.182e-05,-1.832
-1.202,-1.157e-05,-1.831
-1.201,-1.133e-05,-1.83
-1.2,-1.108e-05,-1.829
-1.199,-1.083e-05,-1.828
-1.198,-1.057e-05,-1.827
-1.197,-1.031e-05,-1.826
-1.196,-1.005e-05,-1.825
-1.195,-9.78e-06,-1.824
-1.194,-9.505e-06,-1.823
-1.193,-9.219e-06,-1.822
-1.192,-8.935e-06,-1.821
-1.191,-8.634e-06,-1.82
-1.19,-8.317e-06,-1.819
-1.189,-8.003e-06,-1.818
-1.188,-7.675e-06,-1.817
-1.187,-7.338e-06,-1.816
-1.186,-6.988e-06,-1.815
-1.185,-6.625e-06,-1.814
-1.184,-6.251e-06,-1.813
-1.183,-5.859e-06,-1.812
-1.182,-5.459e-06,-1.811
-1.181,-5.038e-06,-1.81
-1.18,-4.599e-06,-1.809
-1.179,-4.156e-06,-1.808
-1.178,-3.684e-06,-1.807
-1.177,-3.19e-06,-1.806
-1.176,-2.688e-06,-1.805
-1.175,-2.173e-06,-1.804
-1.174,-1.628e-06,-1.803
-1.173,-1.065e-06,-1.802
-1.172,-4.712e-07,-1.801
-1.171,1.413e-07,-1.8
-1.17,7.692e-07,-1.799
-1.169,1.412e-06,-1.798
-1.168,2.082e-06,-1.797
-1.167,2.781e-06,-1.796
-1.166,3.483e-06,-1.795
-1.165,4.224e-06,-1.794
-1.164,4.994e-06,-1.793
-1.163,5.777e-06,-1.792
-1.162,6.595e-06,-1.791
-1.161,7.44e-06,-1.79
-1.16,8.308e-06,-1.789
-1.159,9.195e-06,-1.788
-1.158,1.011e-05,-1.787
-1.157,1.104e-05,-1.786
-1.156,1.2e-05,-1.785
-1.155,1.298e-05,-1.784
-1.154,1.399e-05,-1.783
-1.153,1.502e-05,-1.782
-1.152,1.608e-05,-1.781
-1.151,1.715e-05,-1.78
-1.15,1.824e-05,-1.779
-1.149,1.935e-05,-1.778
-1.148,2.048e-05,-1.777
-1.147,2.162e-05,-1.776
-1.146,2.28e-05,-1.775
-1.145,2.401e-05,-1.774
-1.144,2.522e-05,-1.773
-1.143,2.644e-05,-1.772
-1.142,2.769e-05,-1.771
-1.141,2.894e-05,-1.77
-1.14,3.023e-05,-1.769
-1.139,3.153e-05,-1.768
-1.138,3.284e-05,-1.767
-1.137,3.416e-05,-1.766
-1.136,3.547e-05,-1.765
-1.135,3.681e-05,-1.764
-1.134,3.816e-05,-1.763
-1.133,3.954e-05,-1.762
-1.132,4.092e-05,-1.761
-1.131,4.229e-05,-1.76
-1.13,4.368e-05,-1.759
-1.129,4.507e-05,-1.758
-1.128,4.647e-05,-1.757
-1.127,4.788e-05,-1.756
-1.126,4.929e-05,-1.755
-1.125,5.069e-05,-1.754
-1.124,5.21e-05,-1.7530000000000001
-1.123,5.351e-05,-1.752
-1.122,5.494e-05,-1.7510000000000001
-1.121,5.636e-05,-1.75
-1.12,5.78e-05,-1.749
-1.119,5.922e-05,-1.748
-1.118,6.063e-05,-1.747
-1.117,6.205e-05,-1.746
-1.116,6.348e-05,-1.745
-1.115,6.488e-05,-1.744
-1.114,6.629e-05,-1.743
-1.113,6.769e-05,-1.742
-1.112,6.909e-05,-1.741
-1.111,7.049e-05,-1.74
-1.11,7.189e-05,-1.739
-1.109,7.329e-05,-1.738
-1.108,7.468e-05,-1.737
-1.107,7.607e-05,-1.736
-1.106,7.747e-05,-1.735
-1.105,7.886e-05,-1.734
-1.104,8.026e-05,-1.733
-1.103,8.164e-05,-1.732
-1.102,8.301e-05,-1.731
-1.101,8.439e-05,-1.73
-1.1,8.579e-05,-1.729
-1.099,8.717e-05,-1.728
-1.098,8.856e-05,-1.727
-1.097,8.995e-05,-1.726
-1.096,9.136e-05,-1.725
-1.095,9.275e-05,-1.724
-1.094,9.417e-05,-1.723
-1.093,9.556e-05,-1.722
-1.092,9.697e-05,-1.721
-1.091,9.835e-05,-1.72
-1.09,9.976e-05,-1.719
-1.089,0.0001012,-1.718
-1.088,0.0001026,-1.717
-1.087,0.0001041,-1.716
-1.086,0.0001055,-1.715
-1.085,0.000107,-1.714
-1.084,0.0001084,-1.713
-1.083,0.0001099,-1.712
-1.082,0.0001114,-1.711
-1.081,0.0001129,-1.71
-1.08,0.0001143,-1.709
-1.079,0.0001158,-1.708
-1.078,0.0001173,-1.707
-1.077,0.0001188,-1.706
-1.076,0.0001204,-1.705
-1.075,0.0001219,-1.704
-1.074,0.0001234,-1.703
-1.073,0.0001249,-1.702
-1.072,0.0001265,-1.701
-1.071,0.000128,-1.7
-1.07,0.0001295,-1.699
-1.069,0.000131,-1.698
-1.068,0.0001326,-1.697
-1.067,0.0001341,-1.696
-1.066,0.0001356,-1.695
-1.065,0.0001371,-1.694
-1.064,0.0001386,-1.693
-1.063,0.0001401,-1.692
-1.062,0.0001417,-1.691
-1.061,0.0001432,-1.69
-1.06,0.0001446,-1.689
-1.059,0.0001461,-1.688
-1.058,0.0001476,-1.687
-1.057,0.000149,-1.686
-1.056,0.0001505,-1.685
-1.055,0.0001519,-1.684
-1.054,0.0001533,-1.683
-1.053,0.0001546,-1.682
-1.052,0.000156,-1.681
-1.051,0.0001573,-1.68
-1.05,0.0001586,-1.679
-1.049,0.0001599,-1.678
-1.048,0.0001611,-1.677
-1.047,0.0001623,-1.676
-1.046,0.0001635,-1.675
-1.045,0.0001646,-1.674
-1.044,0.0001658,-1.673
-1.043,0.0001668,-1.672
-1.042,0.0001679,-1.671
-1.041,0.0001689,-1.67
-1.04,0.0001698,-1.669
-1.039,0.0001708,-1.668
-1.038,0.0001716,-1.667
-1.037,0.0001725,-1.666
-1.036,0.0001733,-1.665
-1.035,0.000174,-1.664
-1.034,0.0001748,-1.663
-1.033,0.0001754,-1.662
-1.032,0.000176,-1.661
-1.031,0.0001766,-1.66
-1.03,0.0001771,-1.659
-1.029,0.0001776,-1.658
-1.028,0.0001781,-1.657
-1.027,0.0001784,-1.656
-1.026,0.0001788,-1.655
-1.025,0.0001791,-1.654
-1.024,0.0001794,-1.653
-1.023,0.0001796,-1.652
-1.022,0.0001797,-1.651
-1.021,0.0001798,-1.65
-1.02,0.0001799,-1.649
-1.019,0.0001799,-1.648
-1.018,0.0001799,-1.647
-1.017,0.0001798,-1.646
-1.016,0.0001796,-1.645
-1.015,0.0001794,-1.644
-1.014,0.0001792,-1.643
-1.013,0.0001789,-1.642
-1.012,0.0001786,-1.641
-1.011,0.0001782,-1.64
-1.01,0.0001778,-1.639
-1.009,0.0001774,-1.638
-1.008,0.0001769,-1.637
-1.007,0.0001763,-1.636
-1.006,0.0001757,-1.635
-1.005,0.000175,-1.634
-1.004,0.0001743,-1.633
-1.003,0.0001736,-1.632
-1.002,0.0001728,-1.631
-1.001,0.0001719,-1.63
-1.0,0.000171,-1.629
-0.999,0.00017,-1.6280000000000001
-0.998,0.000169,-1.627
-0.997,0.000168,-1.626
-0.996,0.0001669,-1.625
-0.995,0.0001658,-1.624
-0.994,0.0001646,-1.623
-0.993,0.0001634,-1.6219999999999999
-0.992,0.0001622,-1.621
-0.991,0.0001609,-1.62
-0.99,0.0001597,-1.619
-0.989,0.0001583,-1.6179999999999999
-0.988,0.000157,-1.617
-0.987,0.0001555,-1.616
-0.986,0.0001541,-1.615
-0.985,0.0001527,-1.6139999999999999
-0.984,0.0001512,-1.613
-0.983,0.0001498,-1.612
-0.982,0.0001483,-1.611
-0.981,0.0001467,-1.6099999999999999
-0.98,0.0001452,-1.609
-0.979,0.0001437,-1.608
-0.978,0.0001422,-1.607
-0.977,0.0001406,-1.6059999999999999
-0.976,0.0001391,-1.605
-0.975,0.0001376,-1.604
-0.974,0.0001361,-1.603
-0.973,0.0001346,-1.6019999999999999
-0.972,0.0001331,-1.601
-0.971,0.0001316,-1.6
-0.97,0.0001301,-1.599
-0.969,0.0001286,-1.5979999999999999
-0.968,0.0001272,-1.597
-0.967,0.0001257,-1.596
-0.966,0.0001243,-1.595
-0.965,0.0001229,-1.5939999999999999
-0.964,0.0001215,-1.593
-0.963,0.0001202,-1.592
-0.962,0.0001188,-1.591
-0.961,0.0001175,-1.5899999999999999
-0.96,0.0001162,-1.589
-0.959,0.000115,-1.588
-0.958,0.0001137,-1.587
-0.957,0.0001125,-1.5859999999999999
-0.956,0.0001113,-1.585
-0.955,0.0001101,-1.584
-0.954,0.000109,-1.583
-0.953,0.0001078,-1.5819999999999999
-0.952,0.0001067,-1.581
-0.951,0.0001056,-1.58
-0.95,0.0001046,-1.579
-0.949,0.0001035,-1.5779999999999998
-0.948,0.0001025,-1.577
-0.947,0.0001014,-1.576
-0.946,0.0001004,-1.575
-0.945,9.944e-05,-1.5739999999999998
-0.944,9.849e-05,-1.573
-0.943,9.758e-05,-1.572
-0.942,9.667e-05,-1.571
-0.941,9.577e-05,-1.5699999999999998
-0.94,9.489e-05,-1.569
-0.939,9.4e-05,-1.568
-0.938,9.312e-05,-1.567
-0.937,9.227e-05,-1.566
-0.936,9.143e-05,-1.565
-0.935,9.062e-05,-1.564
-0.934,8.981e-05,-1.5630000000000002
-0.933,8.901e-05,-1.562
-0.932,8.821e-05,-1.561
-0.931,8.744e-05,-1.56
-0.93,8.668e-05,-1.5590000000000002
-0.929,8.595e-05,-1.558
-0.928,8.523e-05,-1.557
-0.927,8.453e-05,-1.556
-0.926,8.383e-05,-1.5550000000000002
-0.925,8.314e-05,-1.554
-0.924,8.246e-05,-1.553
-0.923,8.181e-05,-1.552
-0.922,8.115e-05,-1.5510000000000002
-0.921,8.051e-05,-1.55
-0.92,7.987e-05,-1.549
-0.919,7.925e-05,-1.548
-0.918,7.862e-05,-1.5470000000000002
-0.917,7.801e-05,-1.546
-0.916,7.741e-05,-1.545
-0.915,7.682e-05,-1.544
-0.914,7.624e-05,-1.5430000000000001
-0.913,7.568e-05,-1.542
-0.912,7.512e-05,-1.541
-0.911,7.457e-05,-1.54
-0.91,7.404e-05,-1.5390000000000001
-0.909,7.351e-05,-1.538
-0.908,7.299e-05,-1.537
-0.907,7.248e-05,-1.536
-0.906,7.198e-05,-1.5350000000000001
-0.905,7.148e-05,-1.534
-0.904,7.098e-05,-1.533
-0.903,7.05e-05,-1.532
-0.902,7.001e-05,-1.5310000000000001
-0.901,6.953e-05,-1.53
-0.9,6.907e-05,-1.529
-0.899,6.861e-05,-1.528
-0.898,6.816e-05,-1.5270000000000001
-0.897,6.772e-05,-1.526
-0.896,6.728e-05,-1.525
-0.895,6.686e-05,-1.524
-0.894,6.644e-05,-1.5230000000000001
-0.893,6.604e-05,-1.522
-0.892,6.563e-05,-1.521
-0.891,6.523e-05,-1.52
-0.89,6.483e-05,-1.5190000000000001
-0.889,6.444e-05,-1.518
-0.888,6.405e-05,-1.517
-0.887,6.367e-05,-1.516
-0.886,6.329e-05,-1.5150000000000001
-0.885,6.292e-05,-1.514
-0.884,6.255e-05,-1.513
-0.883,6.218e-05,-1.512
-0.882,6.181e-05,-1.5110000000000001
-0.881,6.145e-05,-1.51
-0.88,6.11e-05,-1.509
-0.879,6.075e-05,-1.508
-0.878,6.04e-05,-1.5070000000000001
-0.877,6.007e-05,-1.506
-0.876,5.974e-05,-1.505
-0.875,5.94e-05,-1.504
-0.874,5.907e-05,-1.5030000000000001
-0.873,5.875e-05,-1.502
-0.872,5.843e-05,-1.501
-0.871,5.812e-05,-1.5
-0.87,5.78e-05,-1.499
-0.869,5.749e-05,-1.498
-0.868,5.718e-05,-1.4969999999999999
-0.867,5.688e-05,-1.496
-0.866,5.657e-05,-1.495
-0.865,5.628e-05,-1.494
-0.864,5.599e-05,-1.4929999999999999
-0.863,5.57e-05,-1.492
-0.862,5.541e-05,-1.491
-0.861,5.513e-05,-1.49
-0.86,5.485e-05,-1.4889999999999999
-0.859,5.457e-05,-1.488
-0.858,5.429e-05,-1.487
-0.857,5.402e-05,-1.486
-0.856,5.376e-05,-1.4849999999999999
-0.855,5.349e-05,-1.484
-0.854,5.323e-05,-1.483
-0.853,5.298e-05,-1.482
-0.852,5.272e-05,-1.4809999999999999
-0.851,5.247e-05,-1.48
-0.85,5.223e-05,-1.479
-0.849,5.198e-05,-1.478
-0.848,5.173e-05,-1.4769999999999999
-0.847,5.149e-05,-1.476
-0.846,5.125e-05,-1.475
-0.845,5.102e-05,-1.474
-0.844,5.078e-05,-1.4729999999999999
-0.843,5.056e-05,-1.472
-0.842,5.034e-05,-1.471
-0.841,5.012e-05,-1.47
-0.84,4.989e-05,-1.4689999999999999
-0.839,4.967e-05,-1.468
-0.838,4.945e-05,-1.467
-0.837,4.923e-05,-1.466
-0.836,4.901e-05,-1.4649999999999999
-0.835,4.879e-05,-1.464
-0.834,4.858e-05,-1.463
-0.833,4.837e-05,-1.462
-0.832,4.817e-05,-1.4609999999999999
-0.831,4.796e-05,-1.46
-0.83,4.775e-05,-1.459
-0.829,4.755e-05,-1.458
-0.828,4.734e-05,-1.4569999999999999
-0.827,4.714e-05,-1.456
-0.826,4.694e-05,-1.455
-0.825,4.675e-05,-1.454
-0.824,4.654e-05,-1.4529999999999998
-0.823,4.635e-05,-1.452
-0.822,4.615e-05,-1.451
-0.821,4.596e-05,-1.45
-0.82,4.577e-05,-1.4489999999999998
-0.819,4.559e-05,-1.448
-0.818,4.541e-05,-1.447
-0.817,4.523e-05,-1.446
-0.816,4.504e-05,-1.4449999999999998
-0.815,4.486e-05,-1.444
-0.814,4.468e-05,-1.443
-0.813,4.451e-05,-1.442
-0.812,4.433e-05,-1.441
-0.811,4.416e-05,-1.44
-0.81,4.398e-05,-1.439
-0.809,4.381e-05,-1.4380000000000002
-0.808,4.364e-05,-1.437
-0.807,4.347e-05,-1.436
-0.806,4.331e-05,-1.435
-0.805,4.315e-05,-1.4340000000000002
-0.804,4.298e-05,-1.433
-0.803,4.282e-05,-1.432
-0.802,4.266e-05,-1.431
-0.801,4.25e-05,-1.4300000000000002
-0.8,4.234e-05,-1.429
-0.799,4.219e-05,-1.428
-0.798,4.203e-05,-1.427
-0.797,4.187e-05,-1.4260000000000002
-0.796,4.172e-05,-1.425
-0.795,4.157e-05,-1.424
-0.794,4.141e-05,-1.423
-0.793,4.127e-05,-1.4220000000000002
-0.792,4.111e-05,-1.421
-0.791,4.097e-05,-1.42
-0.79,4.082e-05,-1.419
-0.789,4.068e-05,-1.4180000000000001
-0.788,4.054e-05,-1.417
-0.787,4.04e-05,-1.416
-0.786,4.026e-05,-1.415
-0.785,4.012e-05,-1.4140000000000001
-0.784,3.998e-05,-1.413
-0.783,3.984e-05,-1.412
-0.782,3.97e-05,-1.411
-0.781,3.956e-05,-1.4100000000000001
-0.78,3.943e-05,-1.409
-0.779,3.929e-05,-1.408
-0.778,3.915e-05,-1.407
-0.777,3.902e-05,-1.4060000000000001
-0.776,3.889e-05,-1.405
-0.775,3.876e-05,-1.404
-0.774,3.862e-05,-1.403
-0.773,3.85e-05,-1.4020000000000001
-0.772,3.837e-05,-1.401
-0.771,3.824e-05,-1.4
-0.77,3.811e-05,-1.399
-0.769,3.799e-05,-1.3980000000000001
-0.768,3.787e-05,-1.397
-0.767,3.775e-05,-1.396
-0.766,3.762e-05,-1.395
-0.765,3.75e-05,-1.3940000000000001
-0.764,3.738e-05,-1.393
-0.763,3.725e-05,-1.392
-0.762,3.714e-05,-1.391
-0.761,3.702e-05,-1.3900000000000001
-0.76,3.69e-05,-1.389
-0.759,3.678e-05,-1.388
-0.758,3.667e-05,-1.387
-0.757,3.656e-05,-1.3860000000000001
-0.756,3.645e-05,-1.385
-0.755,3.634e-05,-1.384
-0.754,3.622e-05,-1.383
-0.753,3.611e-05,-1.3820000000000001
-0.752,3.6e-05,-1.381
-0.751,3.589e-05,-1.38
-0.75,3.578e-05,-1.379
-0.749,3.567e-05,-1.3780000000000001
-0.748,3.556e-05,-1.377
-0.747,3.546e-05,-1.376
-0.746,3.535e-05,-1.375
-0.745,3.525e-05,-1.374
-0.744,3.514e-05,-1.373
-0.743,3.504e-05,-1.3719999999999999
-0.742,3.494e-05,-1.371
-0.741,3.484e-05,-1.37
-0.74,3.475e-05,-1.369
-0.739,3.465e-05,-1.3679999999999999
-0.738,3.455e-05,-1.367
-0.737,3.445e-05,-1.366
-0.736,3.436e-05,-1.365
-0.735,3.426e-05,-1.3639999999999999
-0.734,3.416e-05,-1.363
-0.733,3.406e-05,-1.362
-0.732,3.397e-05,-1.361
-0.731,3.387e-05,-1.3599999999999999
-0.73,3.378e-05,-1.359
-0.729,3.368e-05,-1.358
-0.728,3.359e-05,-1.357
-0.727,3.35e-05,-1.3559999999999999
-0.726,3.341e-05,-1.355
-0.725,3.332e-05,-1.354
-0.724,3.323e-05,-1.353
-0.723,3.314e-05,-1.3519999999999999
-0.722,3.305e-05,-1.351
-0.721,3.296e-05,-1.35
-0.72,3.287e-05,-1.349
-0.719,3.279e-05,-1.3479999999999999
-0.718,3.27e-05,-1.347
-0.717,3.262e-05,-1.346
-0.716,3.253e-05,-1.345
-0.715,3.245e-05,-1.3439999999999999
-0.714,3.236e-05,-1.343
-0.713,3.228e-05,-1.342
-0.712,3.219e-05,-1.341
-0.711,3.211e-05,-1.3399999999999999
-0.71,3.203e-05,-1.339
-0.709,3.195e-05,-1.338
-0.708,3.187e-05,-1.337
-0.707,3.178e-05,-1.3359999999999999
-0.706,3.17e-05,-1.335
-0.705,3.162e-05,-1.334
-0.704,3.154e-05,-1.333
-0.703,3.147e-05,-1.3319999999999999
-0.702,3.139e-05,-1.331
-0.701,3.131e-05,-1.33
-0.7,3.123e-05,-1.329
-0.699,3.115e-05,-1.3279999999999998
-0.698,3.107e-05,-1.327
-0.697,3.099e-05,-1.326
-0.696,3.092e-05,-1.325
-0.695,3.084e-05,-1.3239999999999998
-0.694,3.076e-05,-1.323
-0.693,3.068e-05,-1.322
-0.692,3.061e-05,-1.321
-0.691,3.054e-05,-1.3199999999999998
-0.69,3.046e-05,-1.319
-0.689,3.039e-05,-1.318
-0.688,3.032e-05,-1.317
-0.687,3.024e-05,-1.316
-0.686,3.017e-05,-1.315
-0.685,3.01e-05,-1.314
-0.684,3.003e-05,-1.3130000000000002
-0.683,2.996e-05,-1.312
-0.682,2.989e-05,-1.311
-0.681,2.982e-05,-1.31
-0.68,2.975e-05,-1.3090000000000002
-0.679,2.969e-05,-1.308
-0.678,2.962e-05,-1.307
-0.677,2.955e-05,-1.306
-0.676,2.948e-05,-1.3050000000000002
-0.675,2.942e-05,-1.304
-0.674,2.935e-05,-1.303
-0.673,2.928e-05,-1.302
-0.672,2.922e-05,-1.3010000000000002
-0.671,2.916e-05,-1.3
-0.67,2.909e-05,-1.299
-0.669,2.903e-05,-1.298
-0.668,2.897e-05,-1.2970000000000002
-0.667,2.89e-05,-1.296
-0.666,2.884e-05,-1.295
-0.665,2.879e-05,-1.294
-0.664,2.872e-05,-1.2930000000000001
-0.663,2.866e-05,-1.292
-0.662,2.86e-05,-1.291
-0.661,2.854e-05,-1.29
-0.66,2.848e-05,-1.2890000000000001
-0.659,2.842e-05,-1.288
-0.658,2.836e-05,-1.287
-0.657,2.83e-05,-1.286
-0.656,2.824e-05,-1.2850000000000001
-0.655,2.818e-05,-1.284
-0.654,2.812e-05,-1.283
-0.653,2.807e-05,-1.282
-0.652,2.801e-05,-1.2810000000000001
-0.651,2.795e-05,-1.28
-0.65,2.789e-05,-1.279
-0.649,2.783e-05,-1.278
-0.648,2.778e-05,-1.2770000000000001
-0.647,2.772e-05,-1.276
-0.646,2.766e-05,-1.275
-0.645,2.761e-05,-1.274
-0.644,2.755e-05,-1.2730000000000001
-0.643,2.75e-05,-1.272
-0.642,2.744e-05,-1.271
-0.641,2.738e-05,-1.27
-0.64,2.733e-05,-1.2690000000000001
-0.639,2.728e-05,-1.268
-0.638,2.722e-05,-1.267
-0.637,2.716e-05,-1.266
-0.636,2.71e-05,-1.2650000000000001
-0.635,2.705e-05,-1.264
-0.634,2.699e-05,-1.263
-0.633,2.694e-05,-1.262
-0.632,2.688e-05,-1.2610000000000001
-0.631,2.683e-05,-1.26
-0.63,2.678e-05,-1.259
-0.629,2.672e-05,-1.258
-0.628,2.666e-05,-1.2570000000000001
-0.627,2.661e-05,-1.256
-0.626,2.655e-05,-1.255
-0.625,2.65e-05,-1.254
-0.624,2.644e-05,-1.2530000000000001
-0.623,2.639e-05,-1.252
-0.622,2.633e-05,-1.251
-0.621,2.628e-05,-1.25
-0.62,2.622e-05,-1.249
-0.619,2.617e-05,-1.248
-0.618,2.611e-05,-1.2469999999999999
-0.617,2.606e-05,-1.246
-0.616,2.6e-05,-1.245
-0.615,2.595e-05,-1.244
-0.614,2.59e-05,-1.2429999999999999
-0.613,2.584e-05,-1.242
-0.612,2.579e-05,-1.241
-0.611,2.573e-05,-1.24
-0.61,2.568e-05,-1.2389999999999999
-0.609,2.563e-05,-1.238
-0.608,2.557e-05,-1.237
-0.607,2.552e-05,-1.236
-0.606,2.547e-05,-1.2349999999999999
-0.605,2.542e-05,-1.234
-0.604,2.537e-05,-1.233
-0.603,2.531e-05,-1.232
-0.602,2.526e-05,-1.2309999999999999
-0.601,2.521e-05,-1.23
-0.6,2.515e-05,-1.229
-0.599,2.511e-05,-1.228
-0.598,2.506e-05,-1.2269999999999999
-0.597,2.5e-05,-1.226
-0.596,2.496e-05,-1.225
-0.595,2.491e-05,-1.224
-0.594,2.486e-05,-1.2229999999999999
-0.593,2.481e-05,-1.222
-0.592,2.476e-05,-1.221
-0.591,2.471e-05,-1.22
-0.59,2.466e-05,-1.2189999999999999
-0.589,2.462e-05,-1.218
-0.588,2.457e-05,-1.217
-0.587,2.452e-05,-1.216
-0.586,2.447e-05,-1.2149999999999999
-0.585,2.442e-05,-1.214
-0.584,2.437e-05,-1.213
-0.583,2.433e-05,-1.212
-0.582,2.429e-05,-1.2109999999999999
-0.581,2.424e-05,-1.21
-0.58,2.419e-05,-1.209
-0.579,2.414e-05,-1.208
-0.578,2.41e-05,-1.2069999999999999
-0.577,2.405e-05,-1.206
-0.576,2.401e-05,-1.205
-0.575,2.397e-05,-1.204
-0.574,2.392e-05,-1.2029999999999998
-0.573,2.387e-05,-1.202
-0.572,2.383e-05,-1.201
-0.571,2.379e-05,-1.2
-0.57,2.374e-05,-1.1989999999999998
-0.569,2.37e-05,-1.198
-0.568,2.366e-05,-1.197
-0.567,2.361e-05,-1.196
-0.566,2.357e-05,-1.1949999999999998
-0.565,2.353e-05,-1.194
-0.564,2.349e-05,-1.193
-0.563,2.344e-05,-1.192
-0.562,2.34e-05,-1.191
-0.561,2.336e-05,-1.19
-0.56,2.332e-05,-1.189
-0.559,2.327e-05,-1.1880000000000002
-0.558,2.323e-05,-1.187
-0.557,2.319e-05,-1.186
-0.556,2.315e-05,-1.185
-0.555,2.311e-05,-1.1840000000000002
-0.554,2.307e-05,-1.183
-0.553,2.303e-05,-1.182
-0.552,2.298e-05,-1.181
-0.551,2.294e-05,-1.1800000000000002
-0.55,2.29e-05,-1.179
-0.549,2.286e-05,-1.178
-0.548,2.282e-05,-1.177
-0.547,2.278e-05,-1.1760000000000002
-0.546,2.274e-05,-1.175
-0.545,2.27e-05,-1.174
-0.544,2.266e-05,-1.173
-0.543,2.262e-05,-1.1720000000000002
-0.542,2.258e-05,-1.171
-0.541,2.254e-05,-1.17
-0.54,2.25e-05,-1.169
-0.539,2.246e-05,-1.1680000000000001
-0.538,2.243e-05,-1.167
-0.537,2.239e-05,-1.166
-0.536,2.235e-05,-1.165
-0.535,2.232e-05,-1.1640000000000001
-0.534,2.228e-05,-1.163
-0.533,2.224e-05,-1.162
-0.532,2.22e-05,-1.161
-0.531,2.216e-05,-1.1600000000000001
-0.53,2.213e-05,-1.159
-0.529,2.209e-05,-1.158
-0.528,2.205e-05,-1.157
-0.527,2.202e-05,-1.1560000000000001
-0.526,2.198e-05,-1.155
-0.525,2.194e-05,-1.154
-0.524,2.191e-05,-1.153
-0.523,2.187e-05,-1.1520000000000001
-0.522,2.184e-05,-1.151
-0.521,2.18e-05,-1.15
-0.52,2.177e-05,-1.149
-0.519,2.173e-05,-1.1480000000000001
-0.518,2.169e-05,-1.147
-0.517,2.166e-05,-1.146
-0.516,2.162e-05,-1.145
-0.515,2.159e-05,-1.1440000000000001
-0.514,2.155e-05,-1.143
-0.513,2.152e-05,-1.142
-0.512,2.148e-05,-1.141
-0.511,2.145e-05,-1.1400000000000001
-0.51,2.141e-05,-1.139
-0.509,2.138e-05,-1.138
-0.508,2.134e-05,-1.137
-0.507,2.131e-05,-1.1360000000000001
-0.506,2.128e-05,-1.135
-0.505,2.124e-05,-1.134
-0.504,2.121e-05,-1.133
-0.503,2.117e-05,-1.1320000000000001
-0.502,2.114e-05,-1.131
-0.501,2.111e-05,-1.13
-0.5,2.108e-05,-1.129
-0.499,2.104e-05,-1.1280000000000001
-0.498,2.101e-05,-1.127
-0.497,2.098e-05,-1.126
-0.496,2.095e-05,-1.125
-0.495,2.091e-05,-1.124
-0.494,2.088e-05,-1.123
-0.493,2.085e-05,-1.1219999999999999
-0.492,2.082e-05,-1.121
-0.491,2.078e-05,-1.12
-0.49,2.075e-05,-1.119
-0.489,2.072e-05,-1.1179999999999999
-0.488,2.069e-05,-1.117
-0.487,2.065e-05,-1.116
-0.486,2.062e-05,-1.115
-0.485,2.059e-05,-1.1139999999999999
-0.484,2.056e-05,-1.113
-0.483,2.052e-05,-1.112
-0.482,2.049e-05,-1.111
-0.481,2.046e-05,-1.1099999999999999
-0.48,2.043e-05,-1.109
-0.479,2.04e-05,-1.108
-0.478,2.037e-05,-1.107
-0.477,2.034e-05,-1.1059999999999999
-0.476,2.031e-05,-1.105
-0.475,2.027e-05,-1.104
-0.474,2.025e-05,-1.103
-0.473,2.022e-05,-1.1019999999999999
-0.472,2.018e-05,-1.101
-0.471,2.015e-05,-1.1
-0.47,2.012e-05,-1.099
-0.469,2.009e-05,-1.0979999999999999
-0.468,2.006e-05,-1.097
-0.467,2.003e-05,-1.096
-0.466,2e-05,-1.095
-0.465,1.997e-05,-1.094
-0.464,1.994e-05,-1.093
-0.463,1.991e-05,-1.092
-0.462,1.989e-05,-1.091
-0.461,1.986e-05,-1.09
-0.46,1.983e-05,-1.089
-0.459,1.98e-05,-1.088
-0.458,1.977e-05,-1.087
-0.457,1.974e-05,-1.086
-0.456,1.971e-05,-1.085
-0.455,1.968e-05,-1.084
-0.454,1.965e-05,-1.083
-0.453,1.962e-05,-1.082
-0.452,1.96e-05,-1.081
-0.451,1.956e-05,-1.08
-0.45,1.954e-05,-1.079
-0.449,1.951e-05,-1.078
-0.448,1.948e-05,-1.077
-0.447,1.945e-05,-1.076
-0.446,1.943e-05,-1.075
-0.445,1.94e-05,-1.074
-0.444,1.937e-05,-1.073
-0.443,1.934e-05,-1.072
-0.442,1.932e-05,-1.071
-0.441,1.929e-05,-1.07
-0.44,1.926e-05,-1.069
-0.439,1.923e-05,-1.068
-0.438,1.921e-05,-1.067
-0.437,1.918e-05,-1.066
-0.436,1.915e-05,-1.065
-0.435,1.913e-05,-1.064
-0.434,1.911e-05,-1.063
-0.433,1.908e-05,-1.062
-0.432,1.906e-05,-1.061
-0.431,1.904e-05,-1.06
-0.43,1.901e-05,-1.059
-0.429,1.898e-05,-1.058
-0.428,1.896e-05,-1.057
-0.427,1.893e-05,-1.056
-0.426,1.891e-05,-1.055
-0.425,1.888e-05,-1.054
-0.424,1.885e-05,-1.053
-0.423,1.882e-05,-1.052
-0.422,1.88e-05,-1.051
-0.421,1.877e-05,-1.05
-0.42,1.875e-05,-1.049
-0.419,1.872e-05,-1.048
-0.418,1.87e-05,-1.047
-0.417,1.867e-05,-1.046
-0.416,1.864e-05,-1.045
-0.415,1.862e-05,-1.044
-0.414,1.859e-05,-1.043
-0.413,1.857e-05,-1.042
-0.412,1.854e-05,-1.041
-0.411,1.852e-05,-1.04
-0.41,1.85e-05,-1.039
-0.409,1.847e-05,-1.038
-0.408,1.844e-05,-1.037
-0.407,1.842e-05,-1.036
-0.406,1.839e-05,-1.0350000000000001
-0.405,1.837e-05,-1.034
-0.404,1.834e-05,-1.033
-0.403,1.832e-05,-1.032
-0.402,1.83e-05,-1.0310000000000001
-0.401,1.827e-05,-1.03
-0.4,1.825e-05,-1.029
-0.399,1.822e-05,-1.028
-0.398,1.82e-05,-1.0270000000000001
-0.397,1.817e-05,-1.026
-0.396,1.815e-05,-1.025
-0.395,1.812e-05,-1.024
-0.394,1.81e-05,-1.0230000000000001
-0.393,1.808e-05,-1.022
-0.392,1.805e-05,-1.021
-0.391,1.803e-05,-1.02
-0.39,1.801e-05,-1.0190000000000001
-0.389,1.798e-05,-1.018
-0.388,1.796e-05,-1.017
-0.387,1.793e-05,-1.016
-0.386,1.791e-05,-1.0150000000000001
-0.385,1.788e-05,-1.014
-0.384,1.786e-05,-1.013
-0.383,1.784e-05,-1.012
-0.382,1.781e-05,-1.0110000000000001
-0.381,1.779e-05,-1.01
-0.38,1.777e-05,-1.009
-0.379,1.774e-05,-1.008
-0.378,1.772e-05,-1.0070000000000001
-0.377,1.77e-05,-1.006
-0.376,1.767e-05,-1.005
-0.375,1.765e-05,-1.004
-0.374,1.763e-05,-1.0030000000000001
-0.373,1.76e-05,-1.002
-0.372,1.758e-05,-1.001
-0.371,1.756e-05,-1.0
-0.37,1.754e-05,-0.999
-0.369,1.751e-05,-0.998
-0.368,1.749e-05,-0.997
-0.367,1.747e-05,-0.996
-0.366,1.745e-05,-0.995
-0.365,1.742e-05,-0.994
-0.364,1.74e-05,-0.993
-0.363,1.738e-05,-0.992
-0.362,1.736e-05,-0.991
-0.361,1.733e-05,-0.99
-0.36,1.731e-05,-0.989
-0.359,1.729e-05,-0.988
-0.358,1.727e-05,-0.987
-0.357,1.724e-05,-0.986
-0.356,1.722e-05,-0.985
-0.355,1.72e-05,-0.984
-0.354,1.718e-05,-0.983
-0.353,1.715e-05,-0.982
-0.352,1.714e-05,-0.981
-0.351,1.711e-05,-0.98
-0.35,1.709e-05,-0.979
-0.349,1.707e-05,-0.978
-0.348,1.705e-05,-0.977
-0.347,1.703e-05,-0.976
-0.346,1.701e-05,-0.975
-0.345,1.699e-05,-0.974
-0.344,1.697e-05,-0.973
-0.343,1.694e-05,-0.972
-0.342,1.692e-05,-0.9710000000000001
-0.341,1.69e-05,-0.97
-0.34,1.688e-05,-0.9690000000000001
-0.339,1.686e-05,-0.968
-0.338,1.684e-05,-0.9670000000000001
-0.337,1.681e-05,-0.966
-0.336,1.679e-05,-0.9650000000000001
-0.335,1.677e-05,-0.964
-0.334,1.675e-05,-0.9630000000000001
-0.333,1.673e-05,-0.962
-0.332,1.671e-05,-0.9610000000000001
-0.331,1.669e-05,-0.96
-0.33,1.667e-05,-0.9590000000000001
-0.329,1.664e-05,-0.958
-0.328,1.662e-05,-0.9570000000000001
-0.327,1.66e-05,-0.956
-0.326,1.658e-05,-0.9550000000000001
-0.325,1.656e-05,-0.954
-0.324,1.654e-05,-0.9530000000000001
-0.323,1.652e-05,-0.952
-0.322,1.65e-05,-0.9510000000000001
-0.321,1.648e-05,-0.95
-0.32,1.646e-05,-0.9490000000000001
-0.319,1.643e-05,-0.948
-0.318,1.642e-05,-0.9470000000000001
-0.317,1.639e-05,-0.946
-0.316,1.638e-05,-0.9450000000000001
-0.315,1.635e-05,-0.944
-0.314,1.633e-05,-0.9430000000000001
-0.313,1.631e-05,-0.942
-0.312,1.629e-05,-0.9410000000000001
-0.311,1.627e-05,-0.94
-0.31,1.625e-05,-0.9390000000000001
-0.309,1.623e-05,-0.938
-0.308,1.621e-05,-0.937
-0.307,1.619e-05,-0.9359999999999999
-0.306,1.617e-05,-0.935
-0.305,1.615e-05,-0.9339999999999999
-0.304,1.613e-05,-0.933
-0.303,1.611e-05,-0.9319999999999999
-0.302,1.609e-05,-0.931
-0.301,1.607e-05,-0.9299999999999999
-0.3,1.605e-05,-0.929
-0.299,1.603e-05,-0.9279999999999999
-0.298,1.601e-05,-0.927
-0.297,1.599e-05,-0.9259999999999999
-0.296,1.597e-05,-0.925
-0.295,1.595e-05,-0.9239999999999999
-0.294,1.593e-05,-0.923
-0.293,1.591e-05,-0.9219999999999999
-0.292,1.589e-05,-0.921
-0.291,1.587e-05,-0.9199999999999999
-0.29,1.585e-05,-0.919
-0.289,1.583e-05,-0.9179999999999999
-0.288,1.581e-05,-0.917
-0.287,1.579e-05,-0.9159999999999999
-0.286,1.578e-05,-0.915
-0.285,1.575e-05,-0.9139999999999999
-0.284,1.574e-05,-0.913
-0.283,1.571e-05,-0.9119999999999999
-0.282,1.57e-05,-0.911
-0.281,1.568e-05,-0.91
-0.28,1.566e-05,-0.909
-0.279,1.564e-05,-0.908
-0.278,1.562e-05,-0.907
-0.277,1.56e-05,-0.906
-0.276,1.558e-05,-0.905
-0.275,1.556e-05,-0.904
-0.274,1.554e-05,-0.903
-0.273,1.552e-05,-0.902
-0.272,1.551e-05,-0.901
-0.271,1.548e-05,-0.9
-0.27,1.547e-05,-0.899
-0.269,1.545e-05,-0.898
-0.268,1.543e-05,-0.897
-0.267,1.541e-05,-0.896
-0.266,1.539e-05,-0.895
-0.265,1.537e-05,-0.894
-0.264,1.535e-05,-0.893
-0.263,1.533e-05,-0.892
-0.262,1.532e-05,-0.891
-0.261,1.53e-05,-0.89
-0.26,1.528e-05,-0.889
-0.259,1.526e-05,-0.888
-0.258,1.524e-05,-0.887
-0.257,1.522e-05,-0.886
-0.256,1.521e-05,-0.885
-0.255,1.518e-05,-0.884
-0.254,1.517e-05,-0.883
-0.253,1.514e-05,-0.882
-0.252,1.513e-05,-0.881
-0.251,1.51e-05,-0.88
-0.25,1.509e-05,-0.879
-0.249,1.507e-05,-0.878
-0.248,1.505e-05,-0.877
-0.247,1.503e-05,-0.876
-0.246,1.501e-05,-0.875
-0.245,1.499e-05,-0.874
-0.244,1.498e-05,-0.873
-0.243,1.496e-05,-0.872
-0.242,1.494e-05,-0.871
-0.241,1.492e-05,-0.87
-0.24,1.491e-05,-0.869
-0.239,1.489e-05,-0.868
-0.238,1.487e-05,-0.867
-0.237,1.485e-05,-0.866
-0.236,1.484e-05,-0.865
-0.235,1.481e-05,-0.864
-0.234,1.48e-05,-0.863
-0.233,1.478e-05,-0.862
-0.232,1.476e-05,-0.861
-0.231,1.475e-05,-0.86
-0.23,1.473e-05,-0.859
-0.229,1.471e-05,-0.858
-0.228,1.47e-05,-0.857
-0.227,1.468e-05,-0.856
-0.226,1.466e-05,-0.855
-0.225,1.464e-05,-0.854
-0.224,1.463e-05,-0.853
-0.223,1.461e-05,-0.852
-0.222,1.459e-05,-0.851
-0.221,1.457e-05,-0.85
-0.22,1.456e-05,-0.849
-0.219,1.454e-05,-0.848
-0.218,1.453e-05,-0.847
-0.217,1.451e-05,-0.846
-0.216,1.449e-05,-0.845
-0.215,1.447e-05,-0.844
-0.214,1.446e-05,-0.843
-0.213,1.444e-05,-0.842
-0.212,1.443e-05,-0.841
-0.211,1.441e-05,-0.84
-0.21,1.439e-05,-0.839
-0.209,1.437e-05,-0.838
-0.208,1.436e-05,-0.837
-0.207,1.434e-05,-0.836
-0.206,1.433e-05,-0.835
-0.205,1.431e-05,-0.834
-0.204,1.43e-05,-0.833
-0.203,1.427e-05,-0.8320000000000001
-0.202,1.426e-05,-0.831
-0.201,1.424e-05,-0.8300000000000001
-0.2,1.423e-05,-0.829
-0.199,1.421e-05,-0.8280000000000001
-0.198,1.42e-05,-0.827
-0.197,1.418e-05,-0.8260000000000001
-0.196,1.417e-05,-0.825
-0.195,1.415e-05,-0.8240000000000001
-0.194,1.414e-05,-0.823
-0.193,1.412e-05,-0.8220000000000001
-0.192,1.41e-05,-0.821
-0.191,1.408e-05,-0.8200000000000001
-0.19,1.407e-05,-0.819
-0.189,1.405e-05,-0.8180000000000001
-0.188,1.404e-05,-0.817
-0.187,1.402e-05,-0.8160000000000001
-0.186,1.401e-05,-0.815
-0.185,1.399e-05,-0.8140000000000001
-0.184,1.398e-05,-0.813
-0.183,1.396e-05,-0.812
-0.182,1.395e-05,-0.8109999999999999
-0.181,1.393e-05,-0.81
-0.18,1.392e-05,-0.8089999999999999
-0.179,1.39e-05,-0.808
-0.178,1.389e-05,-0.8069999999999999
-0.177,1.387e-05,-0.806
-0.176,1.386e-05,-0.8049999999999999
-0.175,1.384e-05,-0.804
-0.174,1.383e-05,-0.8029999999999999
-0.173,1.381e-05,-0.802
-0.172,1.38e-05,-0.8009999999999999
-0.171,1.378e-05,-0.8
-0.17,1.377e-05,-0.799
-0.169,1.376e-05,-0.798
-0.168,1.375e-05,-0.797
-0.167,1.373e-05,-0.796
-0.166,1.372e-05,-0.795
-0.165,1.37e-05,-0.794
-0.164,1.369e-05,-0.793
-0.163,1.367e-05,-0.792
-0.162,1.366e-05,-0.791
-0.161,1.364e-05,-0.79
-0.16,1.363e-05,-0.789
-0.159,1.362e-05,-0.788
-0.158,1.361e-05,-0.787
-0.157,1.359e-05,-0.786
-0.156,1.358e-05,-0.785
-0.155,1.356e-05,-0.784
-0.154,1.355e-05,-0.783
-0.153,1.354e-05,-0.782
-0.152,1.352e-05,-0.781
-0.151,1.351e-05,-0.78
-0.15,1.35e-05,-0.779
-0.149,1.348e-05,-0.778
-0.148,1.347e-05,-0.777
-0.147,1.346e-05,-0.776
-0.146,1.345e-05,-0.775
-0.145,1.343e-05,-0.774
-0.144,1.342e-05,-0.773
-0.143,1.34e-05,-0.772
-0.142,1.339e-05,-0.771
-0.141,1.338e-05,-0.77
-0.14,1.337e-05,-0.769
-0.139,1.335e-05,-0.768
-0.138,1.334e-05,-0.767
-0.137,1.333e-05,-0.766
-0.136,1.332e-05,-0.765
-0.135,1.331e-05,-0.764
-0.134,1.33e-05,-0.763
-0.133,1.328e-05,-0.762
-0.132,1.327e-05,-0.761
-0.131,1.326e-05,-0.76
-0.13,1.325e-05,-0.759
-0.129,1.323e-05,-0.758
-0.128,1.323e-05,-0.757
-0.127,1.321e-05,-0.756
-0.126,1.32e-05,-0.755
-0.125,1.319e-05,-0.754
-0.124,1.318e-05,-0.753
-0.123,1.317e-05,-0.752
-0.122,1.316e-05,-0.751
-0.121,1.315e-05,-0.75
-0.12,1.314e-05,-0.749
-0.119,1.312e-05,-0.748
-0.118,1.312e-05,-0.747
-0.117,1.31e-05,-0.746
-0.116,1.31e-05,-0.745
-0.115,1.308e-05,-0.744
-0.114,1.307e-05,-0.743
-0.113,1.306e-05,-0.742
-0.112,1.305e-05,-0.741
-0.111,1.304e-05,-0.74
-0.11,1.303e-05,-0.739
-0.109,1.302e-05,-0.738
-0.108,1.301e-05,-0.737
-0.107,1.299e-05,-0.736
-0.106,1.299e-05,-0.735
-0.105,1.297e-05,-0.734
-0.104,1.297e-05,-0.733
-0.103,1.295e-05,-0.732
-0.102,1.295e-05,-0.731
-0.101,1.293e-05,-0.73
-0.1,1.293e-05,-0.729
-0.099,1.291e-05,-0.728
-0.098,1.291e-05,-0.727
-0.097,1.289e-05,-0.726
-0.096,1.289e-05,-0.725
-0.095,1.287e-05,-0.724
-0.094,1.287e-05,-0.723
-0.093,1.285e-05,-0.722
-0.092,1.285e-05,-0.721
-0.091,1.283e-05,-0.72
-0.09,1.283e-05,-0.719
-0.089,1.282e-05,-0.718
-0.088,1.281e-05,-0.717
-0.087,1.28e-05,-0.716
-0.086,1.279e-05,-0.715
-0.085,1.278e-05,-0.714
-0.084,1.277e-05,-0.713
-0.083,1.276e-05,-0.712
-0.082,1.275e-05,-0.711
-0.081,1.274e-05,-0.71
-0.08,1.273e-05,-0.709
-0.079,1.272e-05,-0.708
-0.078,1.272e-05,-0.707
-0.077,1.271e-05,-0.706
-0.076,1.27e-05,-0.705
-0.075,1.269e-05,-0.704
-0.074,1.268e-05,-0.703
-0.073,1.267e-05,-0.702
-0.072,1.266e-05,-0.701
-0.071,1.265e-05,-0.7
-0.07,1.265e-05,-0.6990000000000001
-0.069,1.264e-05,-0.698
-0.068,1.263e-05,-0.6970000000000001
-0.067,1.262e-05,-0.696
-0.066,1.261e-05,-0.6950000000000001
-0.065,1.26e-05,-0.694
-0.064,1.26e-05,-0.6930000000000001
-0.063,1.259e-05,-0.692
-0.062,1.258e-05,-0.6910000000000001
-0.061,1.257e-05,-0.69
-0.06,1.256e-05,-0.6890000000000001
-0.059,1.255e-05,-0.688
-0.058,1.255e-05,-0.687
-0.057,1.254e-05,-0.686
-0.056,1.253e-05,-0.685
-0.055,1.252e-05,-0.684
-0.054,1.252e-05,-0.683
-0.053,1.25e-05,-0.682
-0.052,1.25e-05,-0.681
-0.051,1.249e-05,-0.68
-0.05,1.249e-05,-0.679
-0.049,1.247e-05,-0.678
-0.048,1.247e-05,-0.677
-0.047,1.246e-05,-0.676
-0.046,1.245e-05,-0.675
-0.045,1.244e-05,-0.674
-0.044,1.243e-05,-0.673
-0.043,1.242e-05,-0.672
-0.042,1.241e-05,-0.671
-0.041,1.241e-05,-0.67
-0.04,1.24e-05,-0.669
-0.039,1.239e-05,-0.668
-0.038,1.238e-05,-0.667
-0.037,1.237e-05,-0.666
-0.036,1.236e-05,-0.665
-0.035,1.236e-05,-0.664
-0.034,1.235e-05,-0.663
-0.033,1.234e-05,-0.662
-0.032,1.233e-05,-0.661
-0.031,1.232e-05,-0.66
-0.03,1.232e-05,-0.659
-0.029,1.231e-05,-0.658
-0.028,1.23e-05,-0.657
-0.027,1.229e-05,-0.656
-0.026,1.229e-05,-0.655
-0.025,1.228e-05,-0.654
-0.024,1.227e-05,-0.653
-0.023,1.226e-05,-0.652
-0.022,1.225e-05,-0.651
-0.021,1.224e-05,-0.65
-0.02,1.224e-05,-0.649
-0.019,1.223e-05,-0.648
-0.018,1.222e-05,-0.647
-0.017,1.221e-05,-0.646
-0.016,1.22e-05,-0.645
-0.015,1.219e-05,-0.644
-0.014,1.218e-05,-0.643
-0.013,1.217e-05,-0.642
-0.012,1.217e-05,-0.641
-0.011,1.215e-05,-0.64
-0.01,1.215e-05,-0.639
-0.009,1.214e-05,-0.638
-0.008,1.213e-05,-0.637
-0.007,1.212e-05,-0.636
-0.006,1.211e-05,-0.635
-0.005,1.21e-05,-0.634
-0.004,1.21e-05,-0.633
-0.003,1.209e-05,-0.632
-0.002,1.208e-05,-0.631
-0.001,1.207e-05,-0.63
